<annotation verified="yes">
	<folder>object_detection</folder>
	<filename>1-0nPThSX5ZXQ7drGfT7bCG6rScmfbaF-.jpg</filename>
	<path>/object_detection/1-0nPThSX5ZXQ7drGfT7bCG6rScmfbaF-.jpg</path>
	<source>
		<database>Unknown</database>
	</source>
	<size>
		<width>500</width>
		<height>294</height>
		<depth>3</depth>
	</size>
	<segmented>0</segmented>
	<object>
		<name>weapon</name>
		<pose>Unspecified</pose>
		<truncated>0</truncated>
		<difficult>0</difficult>
		<bndbox>
			<xmin>168</xmin>
			<ymin>54</ymin>
			<xmax>367</xmax>
			<ymax>188</ymax>
		</bndbox>
	</object>
	<object>
		<name>sky</name>
		<pose>Unspecified</pose>
		<truncated>1</truncated>
		<difficult>0</difficult>
		<bndbox>
			<xmin>1</xmin>
			<ymin>1</ymin>
			<xmax>180</xmax>
			<ymax>150</ymax>
		</bndbox>
	</object>
	<object>
		<name>sky</name>
		<pose>Unspecified</pose>
		<truncated>1</truncated>
		<difficult>0</difficult>
		<bndbox>
			<xmin>349</xmin>
			<ymin>1</ymin>
			<xmax>467</xmax>
			<ymax>174</ymax>
		</bndbox>
	</object>
</annotation>
