<annotation verified="yes">
	<folder>object_detection</folder>
	<filename>1-1eXnGQlUdq21tylvFq7KvXSX5lWyESg.jpg</filename>
	<path>/object_detection/1-1eXnGQlUdq21tylvFq7KvXSX5lWyESg.jpg</path>
	<source>
		<database>Unknown</database>
	</source>
	<size>
		<width>640</width>
		<height>640</height>
		<depth>3</depth>
	</size>
	<segmented>0</segmented>
	<object>
		<name>building</name>
		<pose>Unspecified</pose>
		<truncated>1</truncated>
		<difficult>0</difficult>
		<bndbox>
			<xmin>1</xmin>
			<ymin>1</ymin>
			<xmax>621</xmax>
			<ymax>563</ymax>
		</bndbox>
	</object>
	<object>
		<name>window</name>
		<pose>Unspecified</pose>
		<truncated>0</truncated>
		<difficult>0</difficult>
		<bndbox>
			<xmin>372</xmin>
			<ymin>166</ymin>
			<xmax>559</xmax>
			<ymax>369</ymax>
		</bndbox>
	</object>
</annotation>
