<annotation verified="yes">
	<folder>object_detection</folder>
	<filename>1-1Nuj6SVmFz94Bv7t_br7Hw4INgAal3_.jpg</filename>
	<path>/object_detection/1-1Nuj6SVmFz94Bv7t_br7Hw4INgAal3_.jpg</path>
	<source>
		<database>Unknown</database>
	</source>
	<size>
		<width>640</width>
		<height>480</height>
		<depth>3</depth>
	</size>
	<segmented>0</segmented>
	<object>
		<name>sky</name>
		<pose>Unspecified</pose>
		<truncated>1</truncated>
		<difficult>0</difficult>
		<bndbox>
			<xmin>11</xmin>
			<ymin>1</ymin>
			<xmax>640</xmax>
			<ymax>427</ymax>
		</bndbox>
	</object>
	<object>
		<name>moon</name>
		<pose>Unspecified</pose>
		<truncated>0</truncated>
		<difficult>0</difficult>
		<bndbox>
			<xmin>348</xmin>
			<ymin>163</ymin>
			<xmax>409</xmax>
			<ymax>207</ymax>
		</bndbox>
	</object>
	<object>
		<name>crane</name>
		<pose>Unspecified</pose>
		<truncated>1</truncated>
		<difficult>0</difficult>
		<bndbox>
			<xmin>202</xmin>
			<ymin>346</ymin>
			<xmax>258</xmax>
			<ymax>480</ymax>
		</bndbox>
	</object>
	<object>
		<name>building</name>
		<pose>Unspecified</pose>
		<truncated>1</truncated>
		<difficult>0</difficult>
		<bndbox>
			<xmin>1</xmin>
			<ymin>414</ymin>
			<xmax>206</xmax>
			<ymax>480</ymax>
		</bndbox>
	</object>
	<object>
		<name>building</name>
		<pose>Unspecified</pose>
		<truncated>1</truncated>
		<difficult>0</difficult>
		<bndbox>
			<xmin>293</xmin>
			<ymin>441</ymin>
			<xmax>343</xmax>
			<ymax>480</ymax>
		</bndbox>
	</object>
</annotation>
