<annotation verified="yes">
	<folder>object_detection</folder>
	<filename>1-2AZ5xtC_p6wkz2QBriaT8UOfu2WXFfz.jpg</filename>
	<path>/object_detection/1-2AZ5xtC_p6wkz2QBriaT8UOfu2WXFfz.jpg</path>
	<source>
		<database>Unknown</database>
	</source>
	<size>
		<width>640</width>
		<height>640</height>
		<depth>3</depth>
	</size>
	<segmented>0</segmented>
	<object>
		<name>tree trunk</name>
		<pose>Unspecified</pose>
		<truncated>1</truncated>
		<difficult>0</difficult>
		<bndbox>
			<xmin>167</xmin>
			<ymin>12</ymin>
			<xmax>483</xmax>
			<ymax>640</ymax>
		</bndbox>
	</object>
	<object>
		<name>graffiti</name>
		<pose>Unspecified</pose>
		<truncated>0</truncated>
		<difficult>0</difficult>
		<bndbox>
			<xmin>251</xmin>
			<ymin>149</ymin>
			<xmax>428</xmax>
			<ymax>479</ymax>
		</bndbox>
	</object>
	<object>
		<name>vegetation</name>
		<pose>Unspecified</pose>
		<truncated>1</truncated>
		<difficult>0</difficult>
		<bndbox>
			<xmin>1</xmin>
			<ymin>1</ymin>
			<xmax>180</xmax>
			<ymax>613</ymax>
		</bndbox>
	</object>
	<object>
		<name>vegetation</name>
		<pose>Unspecified</pose>
		<truncated>1</truncated>
		<difficult>0</difficult>
		<bndbox>
			<xmin>497</xmin>
			<ymin>307</ymin>
			<xmax>640</xmax>
			<ymax>635</ymax>
		</bndbox>
	</object>
	<object>
		<name>tree trunk</name>
		<pose>Unspecified</pose>
		<truncated>1</truncated>
		<difficult>0</difficult>
		<bndbox>
			<xmin>449</xmin>
			<ymin>1</ymin>
			<xmax>623</xmax>
			<ymax>311</ymax>
		</bndbox>
	</object>
</annotation>
