<annotation verified="yes">
	<folder>object_detection</folder>
	<filename>1-2kX0hpx28XOrJXvvlKHAy6vkBSmVhBM.jpg</filename>
	<path>/object_detection/1-2kX0hpx28XOrJXvvlKHAy6vkBSmVhBM.jpg</path>
	<source>
		<database>Unknown</database>
	</source>
	<size>
		<width>640</width>
		<height>640</height>
		<depth>3</depth>
	</size>
	<segmented>0</segmented>
	<object>
		<name>animal</name>
		<pose>Unspecified</pose>
		<truncated>1</truncated>
		<difficult>0</difficult>
		<bndbox>
			<xmin>1</xmin>
			<ymin>315</ymin>
			<xmax>43</xmax>
			<ymax>361</ymax>
		</bndbox>
	</object>
	<object>
		<name>animal</name>
		<pose>Unspecified</pose>
		<truncated>0</truncated>
		<difficult>0</difficult>
		<bndbox>
			<xmin>125</xmin>
			<ymin>315</ymin>
			<xmax>168</xmax>
			<ymax>361</ymax>
		</bndbox>
	</object>
	<object>
		<name>animal</name>
		<pose>Unspecified</pose>
		<truncated>0</truncated>
		<difficult>0</difficult>
		<bndbox>
			<xmin>217</xmin>
			<ymin>377</ymin>
			<xmax>276</xmax>
			<ymax>434</ymax>
		</bndbox>
	</object>
	<object>
		<name>animal</name>
		<pose>Unspecified</pose>
		<truncated>0</truncated>
		<difficult>0</difficult>
		<bndbox>
			<xmin>350</xmin>
			<ymin>328</ymin>
			<xmax>411</xmax>
			<ymax>384</ymax>
		</bndbox>
	</object>
	<object>
		<name>animal</name>
		<pose>Unspecified</pose>
		<truncated>0</truncated>
		<difficult>0</difficult>
		<bndbox>
			<xmin>485</xmin>
			<ymin>330</ymin>
			<xmax>547</xmax>
			<ymax>386</ymax>
		</bndbox>
	</object>
	<object>
		<name>animal</name>
		<pose>Unspecified</pose>
		<truncated>0</truncated>
		<difficult>0</difficult>
		<bndbox>
			<xmin>238</xmin>
			<ymin>220</ymin>
			<xmax>280</xmax>
			<ymax>266</ymax>
		</bndbox>
	</object>
	<object>
		<name>animal</name>
		<pose>Unspecified</pose>
		<truncated>0</truncated>
		<difficult>0</difficult>
		<bndbox>
			<xmin>299</xmin>
			<ymin>172</ymin>
			<xmax>329</xmax>
			<ymax>208</ymax>
		</bndbox>
	</object>
	<object>
		<name>animal</name>
		<pose>Unspecified</pose>
		<truncated>0</truncated>
		<difficult>0</difficult>
		<bndbox>
			<xmin>303</xmin>
			<ymin>141</ymin>
			<xmax>333</xmax>
			<ymax>177</ymax>
		</bndbox>
	</object>
	<object>
		<name>animal</name>
		<pose>Unspecified</pose>
		<truncated>0</truncated>
		<difficult>0</difficult>
		<bndbox>
			<xmin>295</xmin>
			<ymin>98</ymin>
			<xmax>336</xmax>
			<ymax>133</ymax>
		</bndbox>
	</object>
	<object>
		<name>animal</name>
		<pose>Unspecified</pose>
		<truncated>0</truncated>
		<difficult>0</difficult>
		<bndbox>
			<xmin>240</xmin>
			<ymin>109</ymin>
			<xmax>281</xmax>
			<ymax>144</ymax>
		</bndbox>
	</object>
	<object>
		<name>animal</name>
		<pose>Unspecified</pose>
		<truncated>0</truncated>
		<difficult>0</difficult>
		<bndbox>
			<xmin>393</xmin>
			<ymin>187</ymin>
			<xmax>434</xmax>
			<ymax>222</ymax>
		</bndbox>
	</object>
	<object>
		<name>animal</name>
		<pose>Unspecified</pose>
		<truncated>0</truncated>
		<difficult>0</difficult>
		<bndbox>
			<xmin>532</xmin>
			<ymin>168</ymin>
			<xmax>573</xmax>
			<ymax>203</ymax>
		</bndbox>
	</object>
	<object>
		<name>animal</name>
		<pose>Unspecified</pose>
		<truncated>0</truncated>
		<difficult>0</difficult>
		<bndbox>
			<xmin>527</xmin>
			<ymin>231</ymin>
			<xmax>568</xmax>
			<ymax>266</ymax>
		</bndbox>
	</object>
	<object>
		<name>animal</name>
		<pose>Unspecified</pose>
		<truncated>1</truncated>
		<difficult>0</difficult>
		<bndbox>
			<xmin>599</xmin>
			<ymin>232</ymin>
			<xmax>640</xmax>
			<ymax>267</ymax>
		</bndbox>
	</object>
	<object>
		<name>street</name>
		<pose>Unspecified</pose>
		<truncated>1</truncated>
		<difficult>0</difficult>
		<bndbox>
			<xmin>74</xmin>
			<ymin>4</ymin>
			<xmax>640</xmax>
			<ymax>640</ymax>
		</bndbox>
	</object>
</annotation>
