<annotation verified="yes">
	<folder>object_detection</folder>
	<filename>1-37_MInMq2DLYGb1Ejn-g4RqRkA8BzWt.jpg</filename>
	<path>/object_detection/1-37_MInMq2DLYGb1Ejn-g4RqRkA8BzWt.jpg</path>
	<source>
		<database>Unknown</database>
	</source>
	<size>
		<width>640</width>
		<height>800</height>
		<depth>3</depth>
	</size>
	<segmented>0</segmented>
	<object>
		<name>building</name>
		<pose>Unspecified</pose>
		<truncated>1</truncated>
		<difficult>0</difficult>
		<bndbox>
			<xmin>1</xmin>
			<ymin>50</ymin>
			<xmax>640</xmax>
			<ymax>752</ymax>
		</bndbox>
	</object>
	<object>
		<name>sky</name>
		<pose>Unspecified</pose>
		<truncated>1</truncated>
		<difficult>0</difficult>
		<bndbox>
			<xmin>1</xmin>
			<ymin>1</ymin>
			<xmax>148</xmax>
			<ymax>186</ymax>
		</bndbox>
	</object>
	<object>
		<name>sky</name>
		<pose>Unspecified</pose>
		<truncated>1</truncated>
		<difficult>0</difficult>
		<bndbox>
			<xmin>446</xmin>
			<ymin>1</ymin>
			<xmax>640</xmax>
			<ymax>107</ymax>
		</bndbox>
	</object>
</annotation>
