<annotation verified="yes">
	<folder>object_detection</folder>
	<filename>1-_ZBw8ef4DHEApr-2L1p9NpygDsDmxlo.jpg</filename>
	<path>/object_detection/1-_ZBw8ef4DHEApr-2L1p9NpygDsDmxlo.jpg</path>
	<source>
		<database>Unknown</database>
	</source>
	<size>
		<width>640</width>
		<height>640</height>
		<depth>3</depth>
	</size>
	<segmented>0</segmented>
	<object>
		<name>collumn</name>
		<pose>Unspecified</pose>
		<truncated>0</truncated>
		<difficult>0</difficult>
		<bndbox>
			<xmin>319</xmin>
			<ymin>52</ymin>
			<xmax>465</xmax>
			<ymax>544</ymax>
		</bndbox>
	</object>
	<object>
		<name>collumn</name>
		<pose>Unspecified</pose>
		<truncated>0</truncated>
		<difficult>0</difficult>
		<bndbox>
			<xmin>488</xmin>
			<ymin>172</ymin>
			<xmax>570</xmax>
			<ymax>485</ymax>
		</bndbox>
	</object>
	<object>
		<name>collumn</name>
		<pose>Unspecified</pose>
		<truncated>0</truncated>
		<difficult>0</difficult>
		<bndbox>
			<xmin>266</xmin>
			<ymin>231</ymin>
			<xmax>340</xmax>
			<ymax>491</ymax>
		</bndbox>
	</object>
	<object>
		<name>street</name>
		<pose>Unspecified</pose>
		<truncated>1</truncated>
		<difficult>0</difficult>
		<bndbox>
			<xmin>1</xmin>
			<ymin>421</ymin>
			<xmax>202</xmax>
			<ymax>640</ymax>
		</bndbox>
	</object>
	<object>
		<name>crosswalk</name>
		<pose>Unspecified</pose>
		<truncated>0</truncated>
		<difficult>0</difficult>
		<bndbox>
			<xmin>61</xmin>
			<ymin>414</ymin>
			<xmax>191</xmax>
			<ymax>449</ymax>
		</bndbox>
	</object>
</annotation>
