<annotation verified="yes">
	<folder>object_detection</folder>
	<filename>1064xDbKqGAXaZZW2Dazz_eJwmiUNR-ur.jpg</filename>
	<path>/object_detection/1064xDbKqGAXaZZW2Dazz_eJwmiUNR-ur.jpg</path>
	<source>
		<database>Unknown</database>
	</source>
	<size>
		<width>454</width>
		<height>454</height>
		<depth>1</depth>
	</size>
	<segmented>0</segmented>
	<object>
		<name>light pole</name>
		<pose>Unspecified</pose>
		<truncated>1</truncated>
		<difficult>0</difficult>
		<bndbox>
			<xmin>1</xmin>
			<ymin>70</ymin>
			<xmax>404</xmax>
			<ymax>454</ymax>
		</bndbox>
	</object>
</annotation>
