<annotation verified="yes">
	<folder>object_detection</folder>
	<filename>106rHhMoTFKZ3ysOph6sY8o3dKY40Q5k5.jpg</filename>
	<path>/object_detection/106rHhMoTFKZ3ysOph6sY8o3dKY40Q5k5.jpg</path>
	<source>
		<database>Unknown</database>
	</source>
	<size>
		<width>640</width>
		<height>640</height>
		<depth>3</depth>
	</size>
	<segmented>0</segmented>
	<object>
		<name>river</name>
		<pose>Unspecified</pose>
		<truncated>1</truncated>
		<difficult>0</difficult>
		<bndbox>
			<xmin>20</xmin>
			<ymin>41</ymin>
			<xmax>640</xmax>
			<ymax>640</ymax>
		</bndbox>
	</object>
</annotation>
