<annotation verified="yes">
	<folder>object_detection</folder>
	<filename>108FgUPOJweiHfVGgRerhDBNnxC9cDND9.jpg</filename>
	<path>/object_detection/108FgUPOJweiHfVGgRerhDBNnxC9cDND9.jpg</path>
	<source>
		<database>Unknown</database>
	</source>
	<size>
		<width>375</width>
		<height>500</height>
		<depth>3</depth>
	</size>
	<segmented>0</segmented>
	<object>
		<name>door</name>
		<pose>Unspecified</pose>
		<truncated>0</truncated>
		<difficult>0</difficult>
		<bndbox>
			<xmin>98</xmin>
			<ymin>32</ymin>
			<xmax>269</xmax>
			<ymax>482</ymax>
		</bndbox>
	</object>
	<object>
		<name>graffiti</name>
		<pose>Unspecified</pose>
		<truncated>0</truncated>
		<difficult>0</difficult>
		<bndbox>
			<xmin>122</xmin>
			<ymin>70</ymin>
			<xmax>269</xmax>
			<ymax>459</ymax>
		</bndbox>
	</object>
</annotation>
