<annotation verified="yes">
	<folder>object_detection</folder>
	<filename>109D5-oe7VmU5jazwttZz3F5eVKG1Jwfn.jpg</filename>
	<path>/object_detection/109D5-oe7VmU5jazwttZz3F5eVKG1Jwfn.jpg</path>
	<source>
		<database>Unknown</database>
	</source>
	<size>
		<width>333</width>
		<height>499</height>
		<depth>3</depth>
	</size>
	<segmented>0</segmented>
	<object>
		<name>shoe</name>
		<pose>Unspecified</pose>
		<truncated>0</truncated>
		<difficult>0</difficult>
		<bndbox>
			<xmin>103</xmin>
			<ymin>164</ymin>
			<xmax>283</xmax>
			<ymax>312</ymax>
		</bndbox>
	</object>
	<object>
		<name>court</name>
		<pose>Unspecified</pose>
		<truncated>1</truncated>
		<difficult>0</difficult>
		<bndbox>
			<xmin>2</xmin>
			<ymin>1</ymin>
			<xmax>330</xmax>
			<ymax>496</ymax>
		</bndbox>
	</object>
</annotation>
