<annotation verified="yes">
	<folder>object_detection</folder>
	<filename>10_nPlBFNDw9990JRdkxDASz6bEE67BLl.jpg</filename>
	<path>/object_detection/10_nPlBFNDw9990JRdkxDASz6bEE67BLl.jpg</path>
	<source>
		<database>Unknown</database>
	</source>
	<size>
		<width>305</width>
		<height>450</height>
		<depth>3</depth>
	</size>
	<segmented>0</segmented>
	<object>
		<name>building</name>
		<pose>Unspecified</pose>
		<truncated>1</truncated>
		<difficult>0</difficult>
		<bndbox>
			<xmin>231</xmin>
			<ymin>1</ymin>
			<xmax>305</xmax>
			<ymax>406</ymax>
		</bndbox>
	</object>
	<object>
		<name>smoke</name>
		<pose>Unspecified</pose>
		<truncated>0</truncated>
		<difficult>0</difficult>
		<bndbox>
			<xmin>21</xmin>
			<ymin>101</ymin>
			<xmax>248</xmax>
			<ymax>396</ymax>
		</bndbox>
	</object>
	<object>
		<name>building</name>
		<pose>Unspecified</pose>
		<truncated>1</truncated>
		<difficult>0</difficult>
		<bndbox>
			<xmin>74</xmin>
			<ymin>389</ymin>
			<xmax>253</xmax>
			<ymax>450</ymax>
		</bndbox>
	</object>
</annotation>
