<annotation verified="yes">
	<folder>object_detection</folder>
	<filename>10Ak081uR2YrsU5SW6zgr2NIge9Scxcgy.jpg</filename>
	<path>/object_detection/10Ak081uR2YrsU5SW6zgr2NIge9Scxcgy.jpg</path>
	<source>
		<database>Unknown</database>
	</source>
	<size>
		<width>640</width>
		<height>640</height>
		<depth>3</depth>
	</size>
	<segmented>0</segmented>
	<object>
		<name>building</name>
		<pose>Unspecified</pose>
		<truncated>0</truncated>
		<difficult>0</difficult>
		<bndbox>
			<xmin>387</xmin>
			<ymin>61</ymin>
			<xmax>481</xmax>
			<ymax>638</ymax>
		</bndbox>
	</object>
	<object>
		<name>building</name>
		<pose>Unspecified</pose>
		<truncated>0</truncated>
		<difficult>0</difficult>
		<bndbox>
			<xmin>210</xmin>
			<ymin>535</ymin>
			<xmax>267</xmax>
			<ymax>622</ymax>
		</bndbox>
	</object>
	<object>
		<name>building</name>
		<pose>Unspecified</pose>
		<truncated>1</truncated>
		<difficult>0</difficult>
		<bndbox>
			<xmin>169</xmin>
			<ymin>615</ymin>
			<xmax>355</xmax>
			<ymax>640</ymax>
		</bndbox>
	</object>
	<object>
		<name>building</name>
		<pose>Unspecified</pose>
		<truncated>1</truncated>
		<difficult>0</difficult>
		<bndbox>
			<xmin>118</xmin>
			<ymin>582</ymin>
			<xmax>175</xmax>
			<ymax>640</ymax>
		</bndbox>
	</object>
	<object>
		<name>sky</name>
		<pose>Unspecified</pose>
		<truncated>1</truncated>
		<difficult>0</difficult>
		<bndbox>
			<xmin>31</xmin>
			<ymin>1</ymin>
			<xmax>640</xmax>
			<ymax>605</ymax>
		</bndbox>
	</object>
</annotation>
