<annotation verified="yes">
	<folder>object_detection</folder>
	<filename>10aZ8aaPUvFQWuxOijgLQ2vCVrm2NhktP.jpg</filename>
	<path>/object_detection/10aZ8aaPUvFQWuxOijgLQ2vCVrm2NhktP.jpg</path>
	<source>
		<database>Unknown</database>
	</source>
	<size>
		<width>500</width>
		<height>331</height>
		<depth>3</depth>
	</size>
	<segmented>0</segmented>
	<object>
		<name>person</name>
		<pose>Unspecified</pose>
		<truncated>0</truncated>
		<difficult>0</difficult>
		<bndbox>
			<xmin>46</xmin>
			<ymin>19</ymin>
			<xmax>320</xmax>
			<ymax>323</ymax>
		</bndbox>
	</object>
	<object>
		<name>person</name>
		<pose>Unspecified</pose>
		<truncated>0</truncated>
		<difficult>0</difficult>
		<bndbox>
			<xmin>328</xmin>
			<ymin>69</ymin>
			<xmax>487</xmax>
			<ymax>276</ymax>
		</bndbox>
	</object>
</annotation>
