<annotation verified="yes">
	<folder>object_detection</folder>
	<filename>10D0eoTTMCCdksWjzem8W_fqmUam4Kk5F.jpg</filename>
	<path>/object_detection/10D0eoTTMCCdksWjzem8W_fqmUam4Kk5F.jpg</path>
	<source>
		<database>Unknown</database>
	</source>
	<size>
		<width>640</width>
		<height>800</height>
		<depth>3</depth>
	</size>
	<segmented>0</segmented>
	<object>
		<name>sky</name>
		<pose>Unspecified</pose>
		<truncated>1</truncated>
		<difficult>0</difficult>
		<bndbox>
			<xmin>1</xmin>
			<ymin>1</ymin>
			<xmax>615</xmax>
			<ymax>441</ymax>
		</bndbox>
	</object>
	<object>
		<name>trash</name>
		<pose>Unspecified</pose>
		<truncated>1</truncated>
		<difficult>0</difficult>
		<bndbox>
			<xmin>260</xmin>
			<ymin>689</ymin>
			<xmax>602</xmax>
			<ymax>800</ymax>
		</bndbox>
	</object>
	<object>
		<name>building</name>
		<pose>Unspecified</pose>
		<truncated>1</truncated>
		<difficult>0</difficult>
		<bndbox>
			<xmin>1</xmin>
			<ymin>665</ymin>
			<xmax>163</xmax>
			<ymax>800</ymax>
		</bndbox>
	</object>
	<object>
		<name>building</name>
		<pose>Unspecified</pose>
		<truncated>0</truncated>
		<difficult>0</difficult>
		<bndbox>
			<xmin>137</xmin>
			<ymin>598</ymin>
			<xmax>228</xmax>
			<ymax>713</ymax>
		</bndbox>
	</object>
	<object>
		<name>building</name>
		<pose>Unspecified</pose>
		<truncated>1</truncated>
		<difficult>0</difficult>
		<bndbox>
			<xmin>470</xmin>
			<ymin>576</ymin>
			<xmax>640</xmax>
			<ymax>707</ymax>
		</bndbox>
	</object>
	<object>
		<name>building</name>
		<pose>Unspecified</pose>
		<truncated>0</truncated>
		<difficult>0</difficult>
		<bndbox>
			<xmin>363</xmin>
			<ymin>498</ymin>
			<xmax>421</xmax>
			<ymax>532</ymax>
		</bndbox>
	</object>
	<object>
		<name>building</name>
		<pose>Unspecified</pose>
		<truncated>0</truncated>
		<difficult>0</difficult>
		<bndbox>
			<xmin>343</xmin>
			<ymin>466</ymin>
			<xmax>402</xmax>
			<ymax>518</ymax>
		</bndbox>
	</object>
	<object>
		<name>building</name>
		<pose>Unspecified</pose>
		<truncated>0</truncated>
		<difficult>0</difficult>
		<bndbox>
			<xmin>475</xmin>
			<ymin>489</ymin>
			<xmax>537</xmax>
			<ymax>535</ymax>
		</bndbox>
	</object>
</annotation>
