<annotation verified="yes">
	<folder>object_detection</folder>
	<filename>10E5vQJnXfDY5dTSq31hwxzG9Q7KvWOo6.jpg</filename>
	<path>/object_detection/10E5vQJnXfDY5dTSq31hwxzG9Q7KvWOo6.jpg</path>
	<source>
		<database>Unknown</database>
	</source>
	<size>
		<width>500</width>
		<height>235</height>
		<depth>3</depth>
	</size>
	<segmented>0</segmented>
	<object>
		<name>sky</name>
		<pose>Unspecified</pose>
		<truncated>1</truncated>
		<difficult>0</difficult>
		<bndbox>
			<xmin>1</xmin>
			<ymin>1</ymin>
			<xmax>494</xmax>
			<ymax>71</ymax>
		</bndbox>
	</object>
	<object>
		<name>vegetation</name>
		<pose>Unspecified</pose>
		<truncated>0</truncated>
		<difficult>0</difficult>
		<bndbox>
			<xmin>7</xmin>
			<ymin>69</ymin>
			<xmax>489</xmax>
			<ymax>109</ymax>
		</bndbox>
	</object>
	<object>
		<name>beach</name>
		<pose>Unspecified</pose>
		<truncated>1</truncated>
		<difficult>0</difficult>
		<bndbox>
			<xmin>8</xmin>
			<ymin>113</ymin>
			<xmax>500</xmax>
			<ymax>191</ymax>
		</bndbox>
	</object>
	<object>
		<name>wall</name>
		<pose>Unspecified</pose>
		<truncated>1</truncated>
		<difficult>0</difficult>
		<bndbox>
			<xmin>2</xmin>
			<ymin>167</ymin>
			<xmax>500</xmax>
			<ymax>235</ymax>
		</bndbox>
	</object>
</annotation>
