<annotation verified="yes">
	<folder>object_detection</folder>
	<filename>10enxoYOBMbot03QCO0hsrbSuOBIG5X71.jpg</filename>
	<path>/object_detection/10enxoYOBMbot03QCO0hsrbSuOBIG5X71.jpg</path>
	<source>
		<database>Unknown</database>
	</source>
	<size>
		<width>640</width>
		<height>800</height>
		<depth>1</depth>
	</size>
	<segmented>0</segmented>
	<object>
		<name>tree</name>
		<pose>Unspecified</pose>
		<truncated>0</truncated>
		<difficult>0</difficult>
		<bndbox>
			<xmin>330</xmin>
			<ymin>321</ymin>
			<xmax>427</xmax>
			<ymax>478</ymax>
		</bndbox>
	</object>
	<object>
		<name>tree</name>
		<pose>Unspecified</pose>
		<truncated>0</truncated>
		<difficult>0</difficult>
		<bndbox>
			<xmin>227</xmin>
			<ymin>243</ymin>
			<xmax>344</xmax>
			<ymax>514</ymax>
		</bndbox>
	</object>
</annotation>
