<annotation verified="yes">
	<folder>object_detection</folder>
	<filename>10G5MibCwyJAkIbgkybGkztLJt9UnIqiY.jpg</filename>
	<path>/object_detection/10G5MibCwyJAkIbgkybGkztLJt9UnIqiY.jpg</path>
	<source>
		<database>Unknown</database>
	</source>
	<size>
		<width>640</width>
		<height>640</height>
		<depth>3</depth>
	</size>
	<segmented>0</segmented>
	<object>
		<name>car</name>
		<pose>Unspecified</pose>
		<truncated>0</truncated>
		<difficult>0</difficult>
		<bndbox>
			<xmin>106</xmin>
			<ymin>186</ymin>
			<xmax>500</xmax>
			<ymax>531</ymax>
		</bndbox>
	</object>
	<object>
		<name>building</name>
		<pose>Unspecified</pose>
		<truncated>1</truncated>
		<difficult>0</difficult>
		<bndbox>
			<xmin>1</xmin>
			<ymin>1</ymin>
			<xmax>634</xmax>
			<ymax>432</ymax>
		</bndbox>
	</object>
</annotation>
