<annotation verified="yes">
	<folder>object_detection</folder>
	<filename>10gNA-lspS83TDGkQZpck1Plb2umG70js.jpg</filename>
	<path>/object_detection/10gNA-lspS83TDGkQZpck1Plb2umG70js.jpg</path>
	<source>
		<database>Unknown</database>
	</source>
	<size>
		<width>612</width>
		<height>612</height>
		<depth>3</depth>
	</size>
	<segmented>0</segmented>
	<object>
		<name>animal</name>
		<pose>Unspecified</pose>
		<truncated>0</truncated>
		<difficult>0</difficult>
		<bndbox>
			<xmin>334</xmin>
			<ymin>368</ymin>
			<xmax>414</xmax>
			<ymax>440</ymax>
		</bndbox>
	</object>
	<object>
		<name>flowers</name>
		<pose>Unspecified</pose>
		<truncated>1</truncated>
		<difficult>0</difficult>
		<bndbox>
			<xmin>25</xmin>
			<ymin>1</ymin>
			<xmax>612</xmax>
			<ymax>228</ymax>
		</bndbox>
	</object>
	<object>
		<name>vegetation</name>
		<pose>Unspecified</pose>
		<truncated>0</truncated>
		<difficult>0</difficult>
		<bndbox>
			<xmin>38</xmin>
			<ymin>221</ymin>
			<xmax>589</xmax>
			<ymax>372</ymax>
		</bndbox>
	</object>
	<object>
		<name>vegetation</name>
		<pose>Unspecified</pose>
		<truncated>0</truncated>
		<difficult>0</difficult>
		<bndbox>
			<xmin>428</xmin>
			<ymin>363</ymin>
			<xmax>608</xmax>
			<ymax>581</ymax>
		</bndbox>
	</object>
	<object>
		<name>vegetation</name>
		<pose>Unspecified</pose>
		<truncated>1</truncated>
		<difficult>0</difficult>
		<bndbox>
			<xmin>1</xmin>
			<ymin>409</ymin>
			<xmax>197</xmax>
			<ymax>612</ymax>
		</bndbox>
	</object>
	<object>
		<name>pathway</name>
		<pose>Unspecified</pose>
		<truncated>0</truncated>
		<difficult>0</difficult>
		<bndbox>
			<xmin>58</xmin>
			<ymin>324</ymin>
			<xmax>501</xmax>
			<ymax>591</ymax>
		</bndbox>
	</object>
</annotation>
