<annotation verified="yes">
	<folder>object_detection</folder>
	<filename>10I9L-55HLlo_KxyuYgQPaDEXTMqxm4ZS.jpg</filename>
	<path>/object_detection/10I9L-55HLlo_KxyuYgQPaDEXTMqxm4ZS.jpg</path>
	<source>
		<database>Unknown</database>
	</source>
	<size>
		<width>640</width>
		<height>640</height>
		<depth>3</depth>
	</size>
	<segmented>0</segmented>
	<object>
		<name>animal</name>
		<pose>Unspecified</pose>
		<truncated>0</truncated>
		<difficult>0</difficult>
		<bndbox>
			<xmin>145</xmin>
			<ymin>129</ymin>
			<xmax>369</xmax>
			<ymax>322</ymax>
		</bndbox>
	</object>
	<object>
		<name>grass</name>
		<pose>Unspecified</pose>
		<truncated>0</truncated>
		<difficult>0</difficult>
		<bndbox>
			<xmin>10</xmin>
			<ymin>27</ymin>
			<xmax>620</xmax>
			<ymax>197</ymax>
		</bndbox>
	</object>
</annotation>
