<annotation verified="yes">
	<folder>object_detection</folder>
	<filename>10ikFLqt0iyhd9VKnqf4-5YoH8Wupi36I.jpg</filename>
	<path>/object_detection/10ikFLqt0iyhd9VKnqf4-5YoH8Wupi36I.jpg</path>
	<source>
		<database>Unknown</database>
	</source>
	<size>
		<width>375</width>
		<height>500</height>
		<depth>3</depth>
	</size>
	<segmented>0</segmented>
	<object>
		<name>door</name>
		<pose>Unspecified</pose>
		<truncated>0</truncated>
		<difficult>0</difficult>
		<bndbox>
			<xmin>113</xmin>
			<ymin>124</ymin>
			<xmax>255</xmax>
			<ymax>285</ymax>
		</bndbox>
	</object>
	<object>
		<name>graffiti</name>
		<pose>Unspecified</pose>
		<truncated>0</truncated>
		<difficult>0</difficult>
		<bndbox>
			<xmin>117</xmin>
			<ymin>177</ymin>
			<xmax>171</xmax>
			<ymax>216</ymax>
		</bndbox>
	</object>
	<object>
		<name>graffiti</name>
		<pose>Unspecified</pose>
		<truncated>0</truncated>
		<difficult>0</difficult>
		<bndbox>
			<xmin>199</xmin>
			<ymin>183</ymin>
			<xmax>255</xmax>
			<ymax>230</ymax>
		</bndbox>
	</object>
	<object>
		<name>graffiti</name>
		<pose>Unspecified</pose>
		<truncated>0</truncated>
		<difficult>0</difficult>
		<bndbox>
			<xmin>124</xmin>
			<ymin>210</ymin>
			<xmax>233</xmax>
			<ymax>270</ymax>
		</bndbox>
	</object>
	<object>
		<name>grass</name>
		<pose>Unspecified</pose>
		<truncated>1</truncated>
		<difficult>0</difficult>
		<bndbox>
			<xmin>10</xmin>
			<ymin>298</ymin>
			<xmax>375</xmax>
			<ymax>500</ymax>
		</bndbox>
	</object>
	<object>
		<name>building</name>
		<pose>Unspecified</pose>
		<truncated>1</truncated>
		<difficult>0</difficult>
		<bndbox>
			<xmin>313</xmin>
			<ymin>129</ymin>
			<xmax>375</xmax>
			<ymax>187</ymax>
		</bndbox>
	</object>
	<object>
		<name>vegetation</name>
		<pose>Unspecified</pose>
		<truncated>1</truncated>
		<difficult>0</difficult>
		<bndbox>
			<xmin>1</xmin>
			<ymin>1</ymin>
			<xmax>107</xmax>
			<ymax>288</ymax>
		</bndbox>
	</object>
	<object>
		<name>vegetation</name>
		<pose>Unspecified</pose>
		<truncated>1</truncated>
		<difficult>0</difficult>
		<bndbox>
			<xmin>269</xmin>
			<ymin>1</ymin>
			<xmax>362</xmax>
			<ymax>280</ymax>
		</bndbox>
	</object>
</annotation>
