<annotation verified="yes">
	<folder>object_detection</folder>
	<filename>10IYy-Dh0j0NKCOOv73nL59xIssX5GQXi.jpg</filename>
	<path>/object_detection/10IYy-Dh0j0NKCOOv73nL59xIssX5GQXi.jpg</path>
	<source>
		<database>Unknown</database>
	</source>
	<size>
		<width>499</width>
		<height>333</height>
		<depth>3</depth>
	</size>
	<segmented>0</segmented>
	<object>
		<name>sky</name>
		<pose>Unspecified</pose>
		<truncated>1</truncated>
		<difficult>0</difficult>
		<bndbox>
			<xmin>1</xmin>
			<ymin>1</ymin>
			<xmax>488</xmax>
			<ymax>97</ymax>
		</bndbox>
	</object>
	<object>
		<name>river</name>
		<pose>Unspecified</pose>
		<truncated>1</truncated>
		<difficult>0</difficult>
		<bndbox>
			<xmin>1</xmin>
			<ymin>109</ymin>
			<xmax>492</xmax>
			<ymax>333</ymax>
		</bndbox>
	</object>
	<object>
		<name>tree trunk</name>
		<pose>Unspecified</pose>
		<truncated>0</truncated>
		<difficult>0</difficult>
		<bndbox>
			<xmin>119</xmin>
			<ymin>44</ymin>
			<xmax>235</xmax>
			<ymax>180</ymax>
		</bndbox>
	</object>
	<object>
		<name>tree trunk</name>
		<pose>Unspecified</pose>
		<truncated>1</truncated>
		<difficult>0</difficult>
		<bndbox>
			<xmin>96</xmin>
			<ymin>143</ymin>
			<xmax>418</xmax>
			<ymax>333</ymax>
		</bndbox>
	</object>
</annotation>
