<annotation verified="yes">
	<folder>object_detection</folder>
	<filename>10Jl3hwLedWGsbPeyQ8_CSnOe9X_ENbkU.jpg</filename>
	<path>/object_detection/10Jl3hwLedWGsbPeyQ8_CSnOe9X_ENbkU.jpg</path>
	<source>
		<database>Unknown</database>
	</source>
	<size>
		<width>640</width>
		<height>518</height>
		<depth>3</depth>
	</size>
	<segmented>0</segmented>
	<object>
		<name>building</name>
		<pose>Unspecified</pose>
		<truncated>0</truncated>
		<difficult>0</difficult>
		<bndbox>
			<xmin>211</xmin>
			<ymin>186</ymin>
			<xmax>460</xmax>
			<ymax>346</ymax>
		</bndbox>
	</object>
	<object>
		<name>vegetation</name>
		<pose>Unspecified</pose>
		<truncated>1</truncated>
		<difficult>0</difficult>
		<bndbox>
			<xmin>16</xmin>
			<ymin>242</ymin>
			<xmax>640</xmax>
			<ymax>518</ymax>
		</bndbox>
	</object>
	<object>
		<name>tree</name>
		<pose>Unspecified</pose>
		<truncated>1</truncated>
		<difficult>0</difficult>
		<bndbox>
			<xmin>437</xmin>
			<ymin>16</ymin>
			<xmax>640</xmax>
			<ymax>239</ymax>
		</bndbox>
	</object>
	<object>
		<name>tree</name>
		<pose>Unspecified</pose>
		<truncated>1</truncated>
		<difficult>0</difficult>
		<bndbox>
			<xmin>40</xmin>
			<ymin>1</ymin>
			<xmax>384</xmax>
			<ymax>195</ymax>
		</bndbox>
	</object>
</annotation>
