<annotation verified="yes">
	<folder>object_detection</folder>
	<filename>10JZtjJgDY6R_Cu1xBtCE_BOfi2dvWx61.jpg</filename>
	<path>/object_detection/10JZtjJgDY6R_Cu1xBtCE_BOfi2dvWx61.jpg</path>
	<source>
		<database>Unknown</database>
	</source>
	<size>
		<width>640</width>
		<height>640</height>
		<depth>3</depth>
	</size>
	<segmented>0</segmented>
	<object>
		<name>rocks</name>
		<pose>Unspecified</pose>
		<truncated>0</truncated>
		<difficult>0</difficult>
		<bndbox>
			<xmin>104</xmin>
			<ymin>176</ymin>
			<xmax>581</xmax>
			<ymax>619</ymax>
		</bndbox>
	</object>
	<object>
		<name>tree</name>
		<pose>Unspecified</pose>
		<truncated>1</truncated>
		<difficult>0</difficult>
		<bndbox>
			<xmin>222</xmin>
			<ymin>1</ymin>
			<xmax>640</xmax>
			<ymax>361</ymax>
		</bndbox>
	</object>
</annotation>
