<annotation verified="yes">
	<folder>object_detection</folder>
	<filename>10kwk31WzMFT6q4qTgwFXPBMq9b2fxl9k.jpg</filename>
	<path>/object_detection/10kwk31WzMFT6q4qTgwFXPBMq9b2fxl9k.jpg</path>
	<source>
		<database>Unknown</database>
	</source>
	<size>
		<width>499</width>
		<height>319</height>
		<depth>3</depth>
	</size>
	<segmented>0</segmented>
	<object>
		<name>sky</name>
		<pose>Unspecified</pose>
		<truncated>1</truncated>
		<difficult>0</difficult>
		<bndbox>
			<xmin>1</xmin>
			<ymin>1</ymin>
			<xmax>488</xmax>
			<ymax>216</ymax>
		</bndbox>
	</object>
	<object>
		<name>barbed wire</name>
		<pose>Unspecified</pose>
		<truncated>1</truncated>
		<difficult>0</difficult>
		<bndbox>
			<xmin>1</xmin>
			<ymin>87</ymin>
			<xmax>499</xmax>
			<ymax>319</ymax>
		</bndbox>
	</object>
</annotation>
