<annotation verified="yes">
	<folder>object_detection</folder>
	<filename>10mtk6RaszspBG_8-bno3_n7nAdep-nUB.jpg</filename>
	<path>/object_detection/10mtk6RaszspBG_8-bno3_n7nAdep-nUB.jpg</path>
	<source>
		<database>Unknown</database>
	</source>
	<size>
		<width>640</width>
		<height>800</height>
		<depth>3</depth>
	</size>
	<segmented>0</segmented>
	<object>
		<name>vegetation</name>
		<pose>Unspecified</pose>
		<truncated>1</truncated>
		<difficult>0</difficult>
		<bndbox>
			<xmin>15</xmin>
			<ymin>278</ymin>
			<xmax>640</xmax>
			<ymax>800</ymax>
		</bndbox>
	</object>
	<object>
		<name>building</name>
		<pose>Unspecified</pose>
		<truncated>1</truncated>
		<difficult>0</difficult>
		<bndbox>
			<xmin>1</xmin>
			<ymin>1</ymin>
			<xmax>640</xmax>
			<ymax>260</ymax>
		</bndbox>
	</object>
</annotation>
