<annotation verified="yes">
	<folder>object_detection</folder>
	<filename>10Nqyg19H0ek0CITPWUpIrv_aAvPPfFp1.jpg</filename>
	<path>/object_detection/10Nqyg19H0ek0CITPWUpIrv_aAvPPfFp1.jpg</path>
	<source>
		<database>Unknown</database>
	</source>
	<size>
		<width>331</width>
		<height>500</height>
		<depth>3</depth>
	</size>
	<segmented>0</segmented>
	<object>
		<name>building</name>
		<pose>Unspecified</pose>
		<truncated>1</truncated>
		<difficult>0</difficult>
		<bndbox>
			<xmin>1</xmin>
			<ymin>25</ymin>
			<xmax>320</xmax>
			<ymax>447</ymax>
		</bndbox>
	</object>
	<object>
		<name>door</name>
		<pose>Unspecified</pose>
		<truncated>0</truncated>
		<difficult>0</difficult>
		<bndbox>
			<xmin>103</xmin>
			<ymin>293</ymin>
			<xmax>162</xmax>
			<ymax>435</ymax>
		</bndbox>
	</object>
	<object>
		<name>window</name>
		<pose>Unspecified</pose>
		<truncated>0</truncated>
		<difficult>0</difficult>
		<bndbox>
			<xmin>229</xmin>
			<ymin>142</ymin>
			<xmax>290</xmax>
			<ymax>214</ymax>
		</bndbox>
	</object>
	<object>
		<name>window</name>
		<pose>Unspecified</pose>
		<truncated>0</truncated>
		<difficult>0</difficult>
		<bndbox>
			<xmin>167</xmin>
			<ymin>45</ymin>
			<xmax>243</xmax>
			<ymax>109</ymax>
		</bndbox>
	</object>
</annotation>
