<annotation verified="yes">
	<folder>object_detection</folder>
	<filename>10Pazlheyfe_92iqvSsEPiW0etSNnjBQA.jpg</filename>
	<path>/object_detection/10Pazlheyfe_92iqvSsEPiW0etSNnjBQA.jpg</path>
	<source>
		<database>Unknown</database>
	</source>
	<size>
		<width>640</width>
		<height>640</height>
		<depth>3</depth>
	</size>
	<segmented>0</segmented>
	<object>
		<name>building</name>
		<pose>Unspecified</pose>
		<truncated>1</truncated>
		<difficult>0</difficult>
		<bndbox>
			<xmin>1</xmin>
			<ymin>262</ymin>
			<xmax>463</xmax>
			<ymax>640</ymax>
		</bndbox>
	</object>
	<object>
		<name>gate</name>
		<pose>Unspecified</pose>
		<truncated>0</truncated>
		<difficult>0</difficult>
		<bndbox>
			<xmin>351</xmin>
			<ymin>484</ymin>
			<xmax>501</xmax>
			<ymax>555</ymax>
		</bndbox>
	</object>
	<object>
		<name>tree</name>
		<pose>Unspecified</pose>
		<truncated>1</truncated>
		<difficult>0</difficult>
		<bndbox>
			<xmin>457</xmin>
			<ymin>102</ymin>
			<xmax>640</xmax>
			<ymax>624</ymax>
		</bndbox>
	</object>
	<object>
		<name>sky</name>
		<pose>Unspecified</pose>
		<truncated>1</truncated>
		<difficult>0</difficult>
		<bndbox>
			<xmin>1</xmin>
			<ymin>1</ymin>
			<xmax>623</xmax>
			<ymax>360</ymax>
		</bndbox>
	</object>
</annotation>
