<annotation verified="yes">
	<folder>object_detection</folder>
	<filename>10PcVy7Gy3ayh93A9tP2E3B-2pfsn8I6h.jpg</filename>
	<path>/object_detection/10PcVy7Gy3ayh93A9tP2E3B-2pfsn8I6h.jpg</path>
	<source>
		<database>Unknown</database>
	</source>
	<size>
		<width>500</width>
		<height>375</height>
		<depth>3</depth>
	</size>
	<segmented>0</segmented>
	<object>
		<name>building</name>
		<pose>Unspecified</pose>
		<truncated>0</truncated>
		<difficult>0</difficult>
		<bndbox>
			<xmin>140</xmin>
			<ymin>66</ymin>
			<xmax>392</xmax>
			<ymax>210</ymax>
		</bndbox>
	</object>
	<object>
		<name>vegetation</name>
		<pose>Unspecified</pose>
		<truncated>1</truncated>
		<difficult>0</difficult>
		<bndbox>
			<xmin>1</xmin>
			<ymin>1</ymin>
			<xmax>148</xmax>
			<ymax>177</ymax>
		</bndbox>
	</object>
	<object>
		<name>vegetation</name>
		<pose>Unspecified</pose>
		<truncated>1</truncated>
		<difficult>0</difficult>
		<bndbox>
			<xmin>166</xmin>
			<ymin>1</ymin>
			<xmax>488</xmax>
			<ymax>131</ymax>
		</bndbox>
	</object>
</annotation>
