<annotation verified="yes">
	<folder>object_detection</folder>
	<filename>10pjncxCwUiEfPIaSw4AKxspTmqXFh0BQ.jpg</filename>
	<path>/object_detection/10pjncxCwUiEfPIaSw4AKxspTmqXFh0BQ.jpg</path>
	<source>
		<database>Unknown</database>
	</source>
	<size>
		<width>499</width>
		<height>333</height>
		<depth>3</depth>
	</size>
	<segmented>0</segmented>
	<object>
		<name>car</name>
		<pose>Unspecified</pose>
		<truncated>0</truncated>
		<difficult>0</difficult>
		<bndbox>
			<xmin>163</xmin>
			<ymin>141</ymin>
			<xmax>492</xmax>
			<ymax>288</ymax>
		</bndbox>
	</object>
	<object>
		<name>tree</name>
		<pose>Unspecified</pose>
		<truncated>1</truncated>
		<difficult>0</difficult>
		<bndbox>
			<xmin>5</xmin>
			<ymin>1</ymin>
			<xmax>173</xmax>
			<ymax>191</ymax>
		</bndbox>
	</object>
	<object>
		<name>sky</name>
		<pose>Unspecified</pose>
		<truncated>1</truncated>
		<difficult>0</difficult>
		<bndbox>
			<xmin>1</xmin>
			<ymin>1</ymin>
			<xmax>499</xmax>
			<ymax>144</ymax>
		</bndbox>
	</object>
</annotation>
