<annotation verified="yes">
	<folder>object_detection</folder>
	<filename>10qpck4Hpn-BNuH1vVkwt25u60C7aTSlv.jpg</filename>
	<path>/object_detection/10qpck4Hpn-BNuH1vVkwt25u60C7aTSlv.jpg</path>
	<source>
		<database>Unknown</database>
	</source>
	<size>
		<width>500</width>
		<height>375</height>
		<depth>3</depth>
	</size>
	<segmented>0</segmented>
	<object>
		<name>trash can</name>
		<pose>Unspecified</pose>
		<truncated>0</truncated>
		<difficult>0</difficult>
		<bndbox>
			<xmin>114</xmin>
			<ymin>29</ymin>
			<xmax>349</xmax>
			<ymax>368</ymax>
		</bndbox>
	</object>
	<object>
		<name>graffiti</name>
		<pose>Unspecified</pose>
		<truncated>0</truncated>
		<difficult>0</difficult>
		<bndbox>
			<xmin>188</xmin>
			<ymin>138</ymin>
			<xmax>333</xmax>
			<ymax>294</ymax>
		</bndbox>
	</object>
</annotation>
