<annotation verified="yes">
	<folder>object_detection</folder>
	<filename>10rifqKmd1hFzC0nd76GyiC6xf5ys00mO.jpg</filename>
	<path>/object_detection/10rifqKmd1hFzC0nd76GyiC6xf5ys00mO.jpg</path>
	<source>
		<database>Unknown</database>
	</source>
	<size>
		<width>375</width>
		<height>500</height>
		<depth>3</depth>
	</size>
	<segmented>0</segmented>
	<object>
		<name>chair</name>
		<pose>Unspecified</pose>
		<truncated>1</truncated>
		<difficult>0</difficult>
		<bndbox>
			<xmin>145</xmin>
			<ymin>115</ymin>
			<xmax>375</xmax>
			<ymax>500</ymax>
		</bndbox>
	</object>
	<object>
		<name>trash</name>
		<pose>Unspecified</pose>
		<truncated>0</truncated>
		<difficult>0</difficult>
		<bndbox>
			<xmin>19</xmin>
			<ymin>13</ymin>
			<xmax>288</xmax>
			<ymax>300</ymax>
		</bndbox>
	</object>
</annotation>
