<annotation verified="yes">
	<folder>object_detection</folder>
	<filename>10Ro_G99-xTFVFlIGGM6gg02tGjtB6wsj.jpg</filename>
	<path>/object_detection/10Ro_G99-xTFVFlIGGM6gg02tGjtB6wsj.jpg</path>
	<source>
		<database>Unknown</database>
	</source>
	<size>
		<width>640</width>
		<height>640</height>
		<depth>3</depth>
	</size>
	<segmented>0</segmented>
	<object>
		<name>animal</name>
		<pose>Unspecified</pose>
		<truncated>0</truncated>
		<difficult>0</difficult>
		<bndbox>
			<xmin>114</xmin>
			<ymin>184</ymin>
			<xmax>497</xmax>
			<ymax>476</ymax>
		</bndbox>
	</object>
</annotation>
