<annotation verified="yes">
	<folder>object_detection</folder>
	<filename>10ruY_jm0Km4_HeGohMr8NkP-9mKZmjke.jpg</filename>
	<path>/object_detection/10ruY_jm0Km4_HeGohMr8NkP-9mKZmjke.jpg</path>
	<source>
		<database>Unknown</database>
	</source>
	<size>
		<width>640</width>
		<height>640</height>
		<depth>3</depth>
	</size>
	<segmented>0</segmented>
	<object>
		<name>animal</name>
		<pose>Unspecified</pose>
		<truncated>0</truncated>
		<difficult>0</difficult>
		<bndbox>
			<xmin>221</xmin>
			<ymin>176</ymin>
			<xmax>487</xmax>
			<ymax>507</ymax>
		</bndbox>
	</object>
	<object>
		<name>vegetation</name>
		<pose>Unspecified</pose>
		<truncated>1</truncated>
		<difficult>0</difficult>
		<bndbox>
			<xmin>1</xmin>
			<ymin>1</ymin>
			<xmax>630</xmax>
			<ymax>629</ymax>
		</bndbox>
	</object>
</annotation>
