<annotation verified="yes">
	<folder>object_detection</folder>
	<filename>10sDj8IGj4M36paKaPccRWffSDSnCETkm.jpg</filename>
	<path>/object_detection/10sDj8IGj4M36paKaPccRWffSDSnCETkm.jpg</path>
	<source>
		<database>Unknown</database>
	</source>
	<size>
		<width>500</width>
		<height>330</height>
		<depth>3</depth>
	</size>
	<segmented>0</segmented>
	<object>
		<name>car</name>
		<pose>Unspecified</pose>
		<truncated>1</truncated>
		<difficult>0</difficult>
		<bndbox>
			<xmin>37</xmin>
			<ymin>1</ymin>
			<xmax>487</xmax>
			<ymax>330</ymax>
		</bndbox>
	</object>
</annotation>
