<annotation verified="yes">
	<folder>object_detection</folder>
	<filename>10SIlnMXNKQ5Kh6oPl5XBE1GCu5lc3dzc.jpg</filename>
	<path>/object_detection/10SIlnMXNKQ5Kh6oPl5XBE1GCu5lc3dzc.jpg</path>
	<source>
		<database>Unknown</database>
	</source>
	<size>
		<width>640</width>
		<height>480</height>
		<depth>3</depth>
	</size>
	<segmented>0</segmented>
	<object>
		<name>bicicle</name>
		<pose>Unspecified</pose>
		<truncated>1</truncated>
		<difficult>0</difficult>
		<bndbox>
			<xmin>55</xmin>
			<ymin>345</ymin>
			<xmax>546</xmax>
			<ymax>480</ymax>
		</bndbox>
	</object>
	<object>
		<name>river</name>
		<pose>Unspecified</pose>
		<truncated>1</truncated>
		<difficult>0</difficult>
		<bndbox>
			<xmin>7</xmin>
			<ymin>245</ymin>
			<xmax>640</xmax>
			<ymax>399</ymax>
		</bndbox>
	</object>
	<object>
		<name>sky</name>
		<pose>Unspecified</pose>
		<truncated>1</truncated>
		<difficult>0</difficult>
		<bndbox>
			<xmin>1</xmin>
			<ymin>1</ymin>
			<xmax>640</xmax>
			<ymax>163</ymax>
		</bndbox>
	</object>
</annotation>
