<annotation verified="yes">
	<folder>object_detection</folder>
	<filename>10swfSLulnOcjlReEZNvpZ9bmkPbtmSXm.jpg</filename>
	<path>/object_detection/10swfSLulnOcjlReEZNvpZ9bmkPbtmSXm.jpg</path>
	<source>
		<database>Unknown</database>
	</source>
	<size>
		<width>499</width>
		<height>333</height>
		<depth>3</depth>
	</size>
	<segmented>0</segmented>
	<object>
		<name>policeman</name>
		<pose>Unspecified</pose>
		<truncated>0</truncated>
		<difficult>0</difficult>
		<bndbox>
			<xmin>6</xmin>
			<ymin>76</ymin>
			<xmax>95</xmax>
			<ymax>310</ymax>
		</bndbox>
	</object>
	<object>
		<name>policeman</name>
		<pose>Unspecified</pose>
		<truncated>0</truncated>
		<difficult>0</difficult>
		<bndbox>
			<xmin>122</xmin>
			<ymin>60</ymin>
			<xmax>220</xmax>
			<ymax>327</ymax>
		</bndbox>
	</object>
	<object>
		<name>policeman</name>
		<pose>Unspecified</pose>
		<truncated>0</truncated>
		<difficult>0</difficult>
		<bndbox>
			<xmin>223</xmin>
			<ymin>57</ymin>
			<xmax>320</xmax>
			<ymax>324</ymax>
		</bndbox>
	</object>
	<object>
		<name>policeman</name>
		<pose>Unspecified</pose>
		<truncated>0</truncated>
		<difficult>0</difficult>
		<bndbox>
			<xmin>319</xmin>
			<ymin>61</ymin>
			<xmax>419</xmax>
			<ymax>314</ymax>
		</bndbox>
	</object>
	<object>
		<name>policeman</name>
		<pose>Unspecified</pose>
		<truncated>1</truncated>
		<difficult>0</difficult>
		<bndbox>
			<xmin>422</xmin>
			<ymin>62</ymin>
			<xmax>499</xmax>
			<ymax>328</ymax>
		</bndbox>
	</object>
</annotation>
