<annotation verified="yes">
	<folder>object_detection</folder>
	<filename>10sxrkdnil67k8Xfqnahvv3zl9ln3C-AI.jpg</filename>
	<path>/object_detection/10sxrkdnil67k8Xfqnahvv3zl9ln3C-AI.jpg</path>
	<source>
		<database>Unknown</database>
	</source>
	<size>
		<width>612</width>
		<height>612</height>
		<depth>3</depth>
	</size>
	<segmented>0</segmented>
	<object>
		<name>animal</name>
		<pose>Unspecified</pose>
		<truncated>0</truncated>
		<difficult>0</difficult>
		<bndbox>
			<xmin>145</xmin>
			<ymin>155</ymin>
			<xmax>460</xmax>
			<ymax>561</ymax>
		</bndbox>
	</object>
	<object>
		<name>grass</name>
		<pose>Unspecified</pose>
		<truncated>1</truncated>
		<difficult>0</difficult>
		<bndbox>
			<xmin>14</xmin>
			<ymin>302</ymin>
			<xmax>612</xmax>
			<ymax>612</ymax>
		</bndbox>
	</object>
	<object>
		<name>vegetation</name>
		<pose>Unspecified</pose>
		<truncated>0</truncated>
		<difficult>0</difficult>
		<bndbox>
			<xmin>22</xmin>
			<ymin>4</ymin>
			<xmax>593</xmax>
			<ymax>278</ymax>
		</bndbox>
	</object>
</annotation>
