<annotation verified="yes">
	<folder>object_detection</folder>
	<filename>10ti5TIr12_8YvRC28wJUiYyHFqndu840.jpg</filename>
	<path>/object_detection/10ti5TIr12_8YvRC28wJUiYyHFqndu840.jpg</path>
	<source>
		<database>Unknown</database>
	</source>
	<size>
		<width>499</width>
		<height>333</height>
		<depth>3</depth>
	</size>
	<segmented>0</segmented>
	<object>
		<name>vegetation</name>
		<pose>Unspecified</pose>
		<truncated>1</truncated>
		<difficult>0</difficult>
		<bndbox>
			<xmin>13</xmin>
			<ymin>1</ymin>
			<xmax>485</xmax>
			<ymax>324</ymax>
		</bndbox>
	</object>
	<object>
		<name>trash</name>
		<pose>Unspecified</pose>
		<truncated>0</truncated>
		<difficult>0</difficult>
		<bndbox>
			<xmin>46</xmin>
			<ymin>44</ymin>
			<xmax>390</xmax>
			<ymax>305</ymax>
		</bndbox>
	</object>
</annotation>
