<annotation verified="yes">
	<folder>object_detection</folder>
	<filename>10umNgzsCNZGRjKI-MZ_sI78beXjzH4YV.jpg</filename>
	<path>/object_detection/10umNgzsCNZGRjKI-MZ_sI78beXjzH4YV.jpg</path>
	<source>
		<database>Unknown</database>
	</source>
	<size>
		<width>640</width>
		<height>640</height>
		<depth>3</depth>
	</size>
	<segmented>0</segmented>
	<object>
		<name>van</name>
		<pose>Unspecified</pose>
		<truncated>0</truncated>
		<difficult>0</difficult>
		<bndbox>
			<xmin>373</xmin>
			<ymin>117</ymin>
			<xmax>524</xmax>
			<ymax>236</ymax>
		</bndbox>
	</object>
	<object>
		<name>grass</name>
		<pose>Unspecified</pose>
		<truncated>0</truncated>
		<difficult>0</difficult>
		<bndbox>
			<xmin>54</xmin>
			<ymin>250</ymin>
			<xmax>414</xmax>
			<ymax>402</ymax>
		</bndbox>
	</object>
</annotation>
