<annotation verified="yes">
	<folder>object_detection</folder>
	<filename>10V6abZw8JxiZ9k2XGfLZhDEQXxQwHR2J.jpg</filename>
	<path>/object_detection/10V6abZw8JxiZ9k2XGfLZhDEQXxQwHR2J.jpg</path>
	<source>
		<database>Unknown</database>
	</source>
	<size>
		<width>640</width>
		<height>639</height>
		<depth>3</depth>
	</size>
	<segmented>0</segmented>
	<object>
		<name>sky</name>
		<pose>Unspecified</pose>
		<truncated>1</truncated>
		<difficult>0</difficult>
		<bndbox>
			<xmin>1</xmin>
			<ymin>1</ymin>
			<xmax>613</xmax>
			<ymax>155</ymax>
		</bndbox>
	</object>
	<object>
		<name>mountain</name>
		<pose>Unspecified</pose>
		<truncated>0</truncated>
		<difficult>0</difficult>
		<bndbox>
			<xmin>6</xmin>
			<ymin>125</ymin>
			<xmax>188</xmax>
			<ymax>171</ymax>
		</bndbox>
	</object>
</annotation>
