<annotation verified="yes">
	<folder>object_detection</folder>
	<filename>10Vbx36ljQcrK34xosMzfA2IjrF1_KqfF.jpg</filename>
	<path>/object_detection/10Vbx36ljQcrK34xosMzfA2IjrF1_KqfF.jpg</path>
	<source>
		<database>Unknown</database>
	</source>
	<size>
		<width>499</width>
		<height>333</height>
		<depth>3</depth>
	</size>
	<segmented>0</segmented>
	<object>
		<name>mountain</name>
		<pose>Unspecified</pose>
		<truncated>1</truncated>
		<difficult>0</difficult>
		<bndbox>
			<xmin>1</xmin>
			<ymin>100</ymin>
			<xmax>308</xmax>
			<ymax>246</ymax>
		</bndbox>
	</object>
	<object>
		<name>mountain</name>
		<pose>Unspecified</pose>
		<truncated>1</truncated>
		<difficult>0</difficult>
		<bndbox>
			<xmin>327</xmin>
			<ymin>20</ymin>
			<xmax>499</xmax>
			<ymax>236</ymax>
		</bndbox>
	</object>
	<object>
		<name>river</name>
		<pose>Unspecified</pose>
		<truncated>1</truncated>
		<difficult>0</difficult>
		<bndbox>
			<xmin>1</xmin>
			<ymin>244</ymin>
			<xmax>497</xmax>
			<ymax>333</ymax>
		</bndbox>
	</object>
</annotation>
