<annotation verified="yes">
	<folder>object_detection</folder>
	<filename>10Z90lKQzJ_pVIMkA1Xke30-e1FKSTqLx.jpg</filename>
	<path>/object_detection/10Z90lKQzJ_pVIMkA1Xke30-e1FKSTqLx.jpg</path>
	<source>
		<database>Unknown</database>
	</source>
	<size>
		<width>640</width>
		<height>640</height>
		<depth>3</depth>
	</size>
	<segmented>0</segmented>
	<object>
		<name>traffic cone</name>
		<pose>Unspecified</pose>
		<truncated>0</truncated>
		<difficult>0</difficult>
		<bndbox>
			<xmin>313</xmin>
			<ymin>458</ymin>
			<xmax>374</xmax>
			<ymax>591</ymax>
		</bndbox>
	</object>
	<object>
		<name>building</name>
		<pose>Unspecified</pose>
		<truncated>0</truncated>
		<difficult>0</difficult>
		<bndbox>
			<xmin>82</xmin>
			<ymin>5</ymin>
			<xmax>550</xmax>
			<ymax>418</ymax>
		</bndbox>
	</object>
	<object>
		<name>tree</name>
		<pose>Unspecified</pose>
		<truncated>1</truncated>
		<difficult>0</difficult>
		<bndbox>
			<xmin>2</xmin>
			<ymin>1</ymin>
			<xmax>113</xmax>
			<ymax>382</ymax>
		</bndbox>
	</object>
	<object>
		<name>tree</name>
		<pose>Unspecified</pose>
		<truncated>1</truncated>
		<difficult>0</difficult>
		<bndbox>
			<xmin>492</xmin>
			<ymin>1</ymin>
			<xmax>640</xmax>
			<ymax>454</ymax>
		</bndbox>
	</object>
</annotation>
