<annotation verified="yes">
	<folder>object_detection</folder>
	<filename>10zqIjFoHQYis-uRGAifF37N9PHPIQIxu.jpg</filename>
	<path>/object_detection/10zqIjFoHQYis-uRGAifF37N9PHPIQIxu.jpg</path>
	<source>
		<database>Unknown</database>
	</source>
	<size>
		<width>640</width>
		<height>640</height>
		<depth>3</depth>
	</size>
	<segmented>0</segmented>
	<object>
		<name>tree</name>
		<pose>Unspecified</pose>
		<truncated>1</truncated>
		<difficult>0</difficult>
		<bndbox>
			<xmin>38</xmin>
			<ymin>1</ymin>
			<xmax>633</xmax>
			<ymax>637</ymax>
		</bndbox>
	</object>
</annotation>
