<annotation verified="yes">
	<folder>object_detection</folder>
	<filename>11-dU97ZPR1yqkgie8EKEFQ9s7WaKkMTo.jpg</filename>
	<path>/object_detection/11-dU97ZPR1yqkgie8EKEFQ9s7WaKkMTo.jpg</path>
	<source>
		<database>Unknown</database>
	</source>
	<size>
		<width>640</width>
		<height>359</height>
		<depth>3</depth>
	</size>
	<segmented>0</segmented>
	<object>
		<name>sky</name>
		<pose>Unspecified</pose>
		<truncated>1</truncated>
		<difficult>0</difficult>
		<bndbox>
			<xmin>1</xmin>
			<ymin>1</ymin>
			<xmax>614</xmax>
			<ymax>246</ymax>
		</bndbox>
	</object>
	<object>
		<name>tree</name>
		<pose>Unspecified</pose>
		<truncated>1</truncated>
		<difficult>0</difficult>
		<bndbox>
			<xmin>1</xmin>
			<ymin>218</ymin>
			<xmax>162</xmax>
			<ymax>288</ymax>
		</bndbox>
	</object>
	<object>
		<name>tree</name>
		<pose>Unspecified</pose>
		<truncated>0</truncated>
		<difficult>0</difficult>
		<bndbox>
			<xmin>280</xmin>
			<ymin>227</ymin>
			<xmax>376</xmax>
			<ymax>343</ymax>
		</bndbox>
	</object>
	<object>
		<name>tree</name>
		<pose>Unspecified</pose>
		<truncated>0</truncated>
		<difficult>0</difficult>
		<bndbox>
			<xmin>399</xmin>
			<ymin>233</ymin>
			<xmax>498</xmax>
			<ymax>306</ymax>
		</bndbox>
	</object>
</annotation>
