<annotation verified="yes">
	<folder>object_detection</folder>
	<filename>111-jIJXdxw6h1TYaMVfNYLFKmVBB2d7i.jpg</filename>
	<path>/object_detection/111-jIJXdxw6h1TYaMVfNYLFKmVBB2d7i.jpg</path>
	<source>
		<database>Unknown</database>
	</source>
	<size>
		<width>640</width>
		<height>640</height>
		<depth>3</depth>
	</size>
	<segmented>0</segmented>
	<object>
		<name>building</name>
		<pose>Unspecified</pose>
		<truncated>0</truncated>
		<difficult>0</difficult>
		<bndbox>
			<xmin>317</xmin>
			<ymin>435</ymin>
			<xmax>494</xmax>
			<ymax>516</ymax>
		</bndbox>
	</object>
	<object>
		<name>sky</name>
		<pose>Unspecified</pose>
		<truncated>1</truncated>
		<difficult>0</difficult>
		<bndbox>
			<xmin>1</xmin>
			<ymin>1</ymin>
			<xmax>628</xmax>
			<ymax>421</ymax>
		</bndbox>
	</object>
	<object>
		<name>tree</name>
		<pose>Unspecified</pose>
		<truncated>0</truncated>
		<difficult>0</difficult>
		<bndbox>
			<xmin>573</xmin>
			<ymin>363</ymin>
			<xmax>623</xmax>
			<ymax>422</ymax>
		</bndbox>
	</object>
</annotation>
