<annotation verified="yes">
	<folder>object_detection</folder>
	<filename>1123-y1AyQ_QCCcfmhgVxB0VgL9vD9nA7.jpg</filename>
	<path>/object_detection/1123-y1AyQ_QCCcfmhgVxB0VgL9vD9nA7.jpg</path>
	<source>
		<database>Unknown</database>
	</source>
	<size>
		<width>333</width>
		<height>499</height>
		<depth>3</depth>
	</size>
	<segmented>0</segmented>
	<object>
		<name>building</name>
		<pose>Unspecified</pose>
		<truncated>0</truncated>
		<difficult>0</difficult>
		<bndbox>
			<xmin>90</xmin>
			<ymin>157</ymin>
			<xmax>286</xmax>
			<ymax>294</ymax>
		</bndbox>
	</object>
	<object>
		<name>vegetation</name>
		<pose>Unspecified</pose>
		<truncated>1</truncated>
		<difficult>0</difficult>
		<bndbox>
			<xmin>5</xmin>
			<ymin>301</ymin>
			<xmax>333</xmax>
			<ymax>496</ymax>
		</bndbox>
	</object>
	<object>
		<name>tree</name>
		<pose>Unspecified</pose>
		<truncated>1</truncated>
		<difficult>0</difficult>
		<bndbox>
			<xmin>259</xmin>
			<ymin>1</ymin>
			<xmax>333</xmax>
			<ymax>324</ymax>
		</bndbox>
	</object>
	<object>
		<name>tree</name>
		<pose>Unspecified</pose>
		<truncated>0</truncated>
		<difficult>0</difficult>
		<bndbox>
			<xmin>58</xmin>
			<ymin>16</ymin>
			<xmax>264</xmax>
			<ymax>302</ymax>
		</bndbox>
	</object>
	<object>
		<name>tree</name>
		<pose>Unspecified</pose>
		<truncated>1</truncated>
		<difficult>0</difficult>
		<bndbox>
			<xmin>1</xmin>
			<ymin>1</ymin>
			<xmax>35</xmax>
			<ymax>340</ymax>
		</bndbox>
	</object>
</annotation>
