<annotation verified="yes">
	<folder>object_detection</folder>
	<filename>112OMU2Vz3FddCoXUloLjhQHYkIGRLzjL.jpg</filename>
	<path>/object_detection/112OMU2Vz3FddCoXUloLjhQHYkIGRLzjL.jpg</path>
	<source>
		<database>Unknown</database>
	</source>
	<size>
		<width>640</width>
		<height>800</height>
		<depth>3</depth>
	</size>
	<segmented>0</segmented>
	<object>
		<name>tree</name>
		<pose>Unspecified</pose>
		<truncated>1</truncated>
		<difficult>0</difficult>
		<bndbox>
			<xmin>11</xmin>
			<ymin>1</ymin>
			<xmax>616</xmax>
			<ymax>792</ymax>
		</bndbox>
	</object>
	<object>
		<name>sky</name>
		<pose>Unspecified</pose>
		<truncated>1</truncated>
		<difficult>0</difficult>
		<bndbox>
			<xmin>299</xmin>
			<ymin>1</ymin>
			<xmax>640</xmax>
			<ymax>780</ymax>
		</bndbox>
	</object>
</annotation>
