<annotation verified="yes">
	<folder>object_detection</folder>
	<filename>112WgGv8Gk0MybjVIYe2Eu2kSGyK_jgKI.jpg</filename>
	<path>/object_detection/112WgGv8Gk0MybjVIYe2Eu2kSGyK_jgKI.jpg</path>
	<source>
		<database>Unknown</database>
	</source>
	<size>
		<width>375</width>
		<height>500</height>
		<depth>3</depth>
	</size>
	<segmented>0</segmented>
	<object>
		<name>sign</name>
		<pose>Unspecified</pose>
		<truncated>1</truncated>
		<difficult>0</difficult>
		<bndbox>
			<xmin>257</xmin>
			<ymin>125</ymin>
			<xmax>375</xmax>
			<ymax>500</ymax>
		</bndbox>
	</object>
	<object>
		<name>wall</name>
		<pose>Unspecified</pose>
		<truncated>1</truncated>
		<difficult>0</difficult>
		<bndbox>
			<xmin>18</xmin>
			<ymin>25</ymin>
			<xmax>283</xmax>
			<ymax>500</ymax>
		</bndbox>
	</object>
</annotation>
