<annotation verified="yes">
	<folder>object_detection</folder>
	<filename>113F-m4zVJflH_f1qBSwc_-qNfa6gtpfA.jpg</filename>
	<path>/object_detection/113F-m4zVJflH_f1qBSwc_-qNfa6gtpfA.jpg</path>
	<source>
		<database>Unknown</database>
	</source>
	<size>
		<width>640</width>
		<height>800</height>
		<depth>3</depth>
	</size>
	<segmented>0</segmented>
	<object>
		<name>building</name>
		<pose>Unspecified</pose>
		<truncated>1</truncated>
		<difficult>0</difficult>
		<bndbox>
			<xmin>1</xmin>
			<ymin>4</ymin>
			<xmax>289</xmax>
			<ymax>585</ymax>
		</bndbox>
	</object>
	<object>
		<name>building</name>
		<pose>Unspecified</pose>
		<truncated>0</truncated>
		<difficult>0</difficult>
		<bndbox>
			<xmin>433</xmin>
			<ymin>24</ymin>
			<xmax>638</xmax>
			<ymax>555</ymax>
		</bndbox>
	</object>
	<object>
		<name>building</name>
		<pose>Unspecified</pose>
		<truncated>0</truncated>
		<difficult>0</difficult>
		<bndbox>
			<xmin>351</xmin>
			<ymin>319</ymin>
			<xmax>462</xmax>
			<ymax>478</ymax>
		</bndbox>
	</object>
	<object>
		<name>building</name>
		<pose>Unspecified</pose>
		<truncated>0</truncated>
		<difficult>0</difficult>
		<bndbox>
			<xmin>315</xmin>
			<ymin>13</ymin>
			<xmax>414</xmax>
			<ymax>457</ymax>
		</bndbox>
	</object>
	<object>
		<name>river</name>
		<pose>Unspecified</pose>
		<truncated>0</truncated>
		<difficult>0</difficult>
		<bndbox>
			<xmin>76</xmin>
			<ymin>461</ymin>
			<xmax>602</xmax>
			<ymax>798</ymax>
		</bndbox>
	</object>
	<object>
		<name>sky</name>
		<pose>Unspecified</pose>
		<truncated>1</truncated>
		<difficult>0</difficult>
		<bndbox>
			<xmin>157</xmin>
			<ymin>1</ymin>
			<xmax>362</xmax>
			<ymax>444</ymax>
		</bndbox>
	</object>
	<object>
		<name>sidewalk</name>
		<pose>Unspecified</pose>
		<truncated>1</truncated>
		<difficult>0</difficult>
		<bndbox>
			<xmin>1</xmin>
			<ymin>476</ymin>
			<xmax>276</xmax>
			<ymax>761</ymax>
		</bndbox>
	</object>
	<object>
		<name>sidewalk</name>
		<pose>Unspecified</pose>
		<truncated>0</truncated>
		<difficult>0</difficult>
		<bndbox>
			<xmin>365</xmin>
			<ymin>480</ymin>
			<xmax>628</xmax>
			<ymax>638</ymax>
		</bndbox>
	</object>
	<object>
		<name>boat</name>
		<pose>Unspecified</pose>
		<truncated>0</truncated>
		<difficult>0</difficult>
		<bndbox>
			<xmin>266</xmin>
			<ymin>482</ymin>
			<xmax>316</xmax>
			<ymax>549</ymax>
		</bndbox>
	</object>
</annotation>
