<annotation verified="yes">
	<folder>object_detection</folder>
	<filename>113loVVV35IV-hQB3tAYz98swrzHkkuT_.jpg</filename>
	<path>/object_detection/113loVVV35IV-hQB3tAYz98swrzHkkuT_.jpg</path>
	<source>
		<database>Unknown</database>
	</source>
	<size>
		<width>360</width>
		<height>270</height>
		<depth>3</depth>
	</size>
	<segmented>0</segmented>
	<object>
		<name>person</name>
		<pose>Unspecified</pose>
		<truncated>1</truncated>
		<difficult>0</difficult>
		<bndbox>
			<xmin>1</xmin>
			<ymin>164</ymin>
			<xmax>356</xmax>
			<ymax>254</ymax>
		</bndbox>
	</object>
</annotation>
