<annotation verified="yes">
	<folder>object_detection</folder>
	<filename>114pu1tyij6-kUxzgClyHpCpIlzyahrJU.jpg</filename>
	<path>/object_detection/114pu1tyij6-kUxzgClyHpCpIlzyahrJU.jpg</path>
	<source>
		<database>Unknown</database>
	</source>
	<size>
		<width>499</width>
		<height>334</height>
		<depth>3</depth>
	</size>
	<segmented>0</segmented>
	<object>
		<name>building</name>
		<pose>Unspecified</pose>
		<truncated>0</truncated>
		<difficult>0</difficult>
		<bndbox>
			<xmin>9</xmin>
			<ymin>7</ymin>
			<xmax>231</xmax>
			<ymax>317</ymax>
		</bndbox>
	</object>
	<object>
		<name>building</name>
		<pose>Unspecified</pose>
		<truncated>1</truncated>
		<difficult>0</difficult>
		<bndbox>
			<xmin>320</xmin>
			<ymin>1</ymin>
			<xmax>499</xmax>
			<ymax>327</ymax>
		</bndbox>
	</object>
	<object>
		<name>sky</name>
		<pose>Unspecified</pose>
		<truncated>0</truncated>
		<difficult>0</difficult>
		<bndbox>
			<xmin>142</xmin>
			<ymin>2</ymin>
			<xmax>352</xmax>
			<ymax>136</ymax>
		</bndbox>
	</object>
</annotation>
