<annotation verified="yes">
	<folder>object_detection</folder>
	<filename>119GsptDGaVsI9_yONYfH_jZ3qt15qnqB.jpg</filename>
	<path>/object_detection/119GsptDGaVsI9_yONYfH_jZ3qt15qnqB.jpg</path>
	<source>
		<database>Unknown</database>
	</source>
	<size>
		<width>454</width>
		<height>454</height>
		<depth>3</depth>
	</size>
	<segmented>0</segmented>
	<object>
		<name>building</name>
		<pose>Unspecified</pose>
		<truncated>0</truncated>
		<difficult>0</difficult>
		<bndbox>
			<xmin>61</xmin>
			<ymin>2</ymin>
			<xmax>212</xmax>
			<ymax>204</ymax>
		</bndbox>
	</object>
	<object>
		<name>building</name>
		<pose>Unspecified</pose>
		<truncated>1</truncated>
		<difficult>0</difficult>
		<bndbox>
			<xmin>319</xmin>
			<ymin>93</ymin>
			<xmax>454</xmax>
			<ymax>333</ymax>
		</bndbox>
	</object>
	<object>
		<name>grass</name>
		<pose>Unspecified</pose>
		<truncated>1</truncated>
		<difficult>0</difficult>
		<bndbox>
			<xmin>18</xmin>
			<ymin>379</ymin>
			<xmax>454</xmax>
			<ymax>454</ymax>
		</bndbox>
	</object>
</annotation>
