<annotation verified="yes">
	<folder>object_detection</folder>
	<filename>11_yZVpq48fA-jchrZO_sTtUKQejXd-te.jpg</filename>
	<path>/object_detection/11_yZVpq48fA-jchrZO_sTtUKQejXd-te.jpg</path>
	<source>
		<database>Unknown</database>
	</source>
	<size>
		<width>500</width>
		<height>375</height>
		<depth>3</depth>
	</size>
	<segmented>0</segmented>
	<object>
		<name>car</name>
		<pose>Unspecified</pose>
		<truncated>1</truncated>
		<difficult>0</difficult>
		<bndbox>
			<xmin>62</xmin>
			<ymin>1</ymin>
			<xmax>500</xmax>
			<ymax>300</ymax>
		</bndbox>
	</object>
</annotation>
