<annotation verified="yes">
	<folder>object_detection</folder>
	<filename>11BZmrd17fnGuN8Y7g31JqKnfnJXAIdak.jpg</filename>
	<path>/object_detection/11BZmrd17fnGuN8Y7g31JqKnfnJXAIdak.jpg</path>
	<source>
		<database>Unknown</database>
	</source>
	<size>
		<width>640</width>
		<height>658</height>
		<depth>3</depth>
	</size>
	<segmented>0</segmented>
	<object>
		<name>fire</name>
		<pose>Unspecified</pose>
		<truncated>0</truncated>
		<difficult>0</difficult>
		<bndbox>
			<xmin>284</xmin>
			<ymin>28</ymin>
			<xmax>410</xmax>
			<ymax>186</ymax>
		</bndbox>
	</object>
	<object>
		<name>marshmallow</name>
		<pose>Unspecified</pose>
		<truncated>0</truncated>
		<difficult>0</difficult>
		<bndbox>
			<xmin>283</xmin>
			<ymin>39</ymin>
			<xmax>388</xmax>
			<ymax>174</ymax>
		</bndbox>
	</object>
	<object>
		<name>trash</name>
		<pose>Unspecified</pose>
		<truncated>1</truncated>
		<difficult>0</difficult>
		<bndbox>
			<xmin>1</xmin>
			<ymin>1</ymin>
			<xmax>246</xmax>
			<ymax>456</ymax>
		</bndbox>
	</object>
	<object>
		<name>fireplace</name>
		<pose>Unspecified</pose>
		<truncated>1</truncated>
		<difficult>0</difficult>
		<bndbox>
			<xmin>268</xmin>
			<ymin>538</ymin>
			<xmax>555</xmax>
			<ymax>658</ymax>
		</bndbox>
	</object>
</annotation>
