<annotation verified="yes">
	<folder>object_detection</folder>
	<filename>11CBFdSzIDG1_KKZi2KuGsZVultzeAb2c.jpg</filename>
	<path>/object_detection/11CBFdSzIDG1_KKZi2KuGsZVultzeAb2c.jpg</path>
	<source>
		<database>Unknown</database>
	</source>
	<size>
		<width>500</width>
		<height>500</height>
		<depth>3</depth>
	</size>
	<segmented>0</segmented>
	<object>
		<name>window</name>
		<pose>Unspecified</pose>
		<truncated>0</truncated>
		<difficult>0</difficult>
		<bndbox>
			<xmin>114</xmin>
			<ymin>54</ymin>
			<xmax>385</xmax>
			<ymax>387</ymax>
		</bndbox>
	</object>
	<object>
		<name>wall</name>
		<pose>Unspecified</pose>
		<truncated>1</truncated>
		<difficult>0</difficult>
		<bndbox>
			<xmin>1</xmin>
			<ymin>1</ymin>
			<xmax>498</xmax>
			<ymax>496</ymax>
		</bndbox>
	</object>
</annotation>
