<annotation verified="yes">
	<folder>object_detection</folder>
	<filename>11d9WoiPO13-W2UKgsSmy1dgMY3QKvzjh.jpg</filename>
	<path>/object_detection/11d9WoiPO13-W2UKgsSmy1dgMY3QKvzjh.jpg</path>
	<source>
		<database>Unknown</database>
	</source>
	<size>
		<width>640</width>
		<height>800</height>
		<depth>3</depth>
	</size>
	<segmented>0</segmented>
	<object>
		<name>sun</name>
		<pose>Unspecified</pose>
		<truncated>0</truncated>
		<difficult>0</difficult>
		<bndbox>
			<xmin>247</xmin>
			<ymin>102</ymin>
			<xmax>359</xmax>
			<ymax>228</ymax>
		</bndbox>
	</object>
	<object>
		<name>sky</name>
		<pose>Unspecified</pose>
		<truncated>1</truncated>
		<difficult>0</difficult>
		<bndbox>
			<xmin>1</xmin>
			<ymin>1</ymin>
			<xmax>626</xmax>
			<ymax>793</ymax>
		</bndbox>
	</object>
	<object>
		<name>power pole</name>
		<pose>Unspecified</pose>
		<truncated>1</truncated>
		<difficult>0</difficult>
		<bndbox>
			<xmin>171</xmin>
			<ymin>600</ymin>
			<xmax>366</xmax>
			<ymax>800</ymax>
		</bndbox>
	</object>
</annotation>
