<annotation verified="yes">
	<folder>object_detection</folder>
	<filename>11eyyOUjbNXJ5zfsMgLRLtdq7tsRojfdr.jpg</filename>
	<path>/object_detection/11eyyOUjbNXJ5zfsMgLRLtdq7tsRojfdr.jpg</path>
	<source>
		<database>Unknown</database>
	</source>
	<size>
		<width>640</width>
		<height>640</height>
		<depth>3</depth>
	</size>
	<segmented>0</segmented>
	<object>
		<name>sky</name>
		<pose>Unspecified</pose>
		<truncated>1</truncated>
		<difficult>0</difficult>
		<bndbox>
			<xmin>1</xmin>
			<ymin>1</ymin>
			<xmax>640</xmax>
			<ymax>339</ymax>
		</bndbox>
	</object>
	<object>
		<name>sea</name>
		<pose>Unspecified</pose>
		<truncated>1</truncated>
		<difficult>0</difficult>
		<bndbox>
			<xmin>1</xmin>
			<ymin>352</ymin>
			<xmax>640</xmax>
			<ymax>610</ymax>
		</bndbox>
	</object>
</annotation>
