<annotation verified="yes">
	<folder>object_detection</folder>
	<filename>11GlqfPUUYYnhb6Y4DCPLgRz1QPqehfgy.jpg</filename>
	<path>/object_detection/11GlqfPUUYYnhb6Y4DCPLgRz1QPqehfgy.jpg</path>
	<source>
		<database>Unknown</database>
	</source>
	<size>
		<width>499</width>
		<height>221</height>
		<depth>3</depth>
	</size>
	<segmented>0</segmented>
	<object>
		<name>policeman</name>
		<pose>Unspecified</pose>
		<truncated>0</truncated>
		<difficult>0</difficult>
		<bndbox>
			<xmin>288</xmin>
			<ymin>47</ymin>
			<xmax>400</xmax>
			<ymax>212</ymax>
		</bndbox>
	</object>
	<object>
		<name>policeman</name>
		<pose>Unspecified</pose>
		<truncated>0</truncated>
		<difficult>0</difficult>
		<bndbox>
			<xmin>389</xmin>
			<ymin>27</ymin>
			<xmax>480</xmax>
			<ymax>197</ymax>
		</bndbox>
	</object>
	<object>
		<name>weapon</name>
		<pose>Unspecified</pose>
		<truncated>0</truncated>
		<difficult>0</difficult>
		<bndbox>
			<xmin>169</xmin>
			<ymin>47</ymin>
			<xmax>297</xmax>
			<ymax>106</ymax>
		</bndbox>
	</object>
	<object>
		<name>sea</name>
		<pose>Unspecified</pose>
		<truncated>0</truncated>
		<difficult>0</difficult>
		<bndbox>
			<xmin>5</xmin>
			<ymin>3</ymin>
			<xmax>413</xmax>
			<ymax>181</ymax>
		</bndbox>
	</object>
</annotation>
