<annotation verified="yes">
	<folder>object_detection</folder>
	<filename>11GVMAN9k96bfgSlPhrJR9fa2M8_VxunN.jpg</filename>
	<path>/object_detection/11GVMAN9k96bfgSlPhrJR9fa2M8_VxunN.jpg</path>
	<source>
		<database>Unknown</database>
	</source>
	<size>
		<width>640</width>
		<height>640</height>
		<depth>3</depth>
	</size>
	<segmented>0</segmented>
	<object>
		<name>sky</name>
		<pose>Unspecified</pose>
		<truncated>1</truncated>
		<difficult>0</difficult>
		<bndbox>
			<xmin>1</xmin>
			<ymin>1</ymin>
			<xmax>634</xmax>
			<ymax>635</ymax>
		</bndbox>
	</object>
</annotation>
