<annotation verified="yes">
	<folder>object_detection</folder>
	<filename>11I-M7IfGJvsqJuRBxCB4sFvPoIN1Zst8.jpg</filename>
	<path>/object_detection/11I-M7IfGJvsqJuRBxCB4sFvPoIN1Zst8.jpg</path>
	<source>
		<database>Unknown</database>
	</source>
	<size>
		<width>499</width>
		<height>282</height>
		<depth>3</depth>
	</size>
	<segmented>0</segmented>
	<object>
		<name>sky</name>
		<pose>Unspecified</pose>
		<truncated>1</truncated>
		<difficult>0</difficult>
		<bndbox>
			<xmin>8</xmin>
			<ymin>1</ymin>
			<xmax>499</xmax>
			<ymax>209</ymax>
		</bndbox>
	</object>
	<object>
		<name>rainbow</name>
		<pose>Unspecified</pose>
		<truncated>0</truncated>
		<difficult>0</difficult>
		<bndbox>
			<xmin>136</xmin>
			<ymin>84</ymin>
			<xmax>270</xmax>
			<ymax>248</ymax>
		</bndbox>
	</object>
	<object>
		<name>mountain</name>
		<pose>Unspecified</pose>
		<truncated>0</truncated>
		<difficult>0</difficult>
		<bndbox>
			<xmin>49</xmin>
			<ymin>200</ymin>
			<xmax>394</xmax>
			<ymax>251</ymax>
		</bndbox>
	</object>
	<object>
		<name>sea</name>
		<pose>Unspecified</pose>
		<truncated>1</truncated>
		<difficult>0</difficult>
		<bndbox>
			<xmin>4</xmin>
			<ymin>239</ymin>
			<xmax>499</xmax>
			<ymax>282</ymax>
		</bndbox>
	</object>
</annotation>
