<annotation verified="yes">
	<folder>object_detection</folder>
	<filename>11M1dwWMuxzGvcFdFt6UhDrqIkADTkPdO.jpg</filename>
	<path>/object_detection/11M1dwWMuxzGvcFdFt6UhDrqIkADTkPdO.jpg</path>
	<source>
		<database>Unknown</database>
	</source>
	<size>
		<width>640</width>
		<height>640</height>
		<depth>3</depth>
	</size>
	<segmented>0</segmented>
	<object>
		<name>tree</name>
		<pose>Unspecified</pose>
		<truncated>1</truncated>
		<difficult>0</difficult>
		<bndbox>
			<xmin>102</xmin>
			<ymin>78</ymin>
			<xmax>430</xmax>
			<ymax>640</ymax>
		</bndbox>
	</object>
	<object>
		<name>building</name>
		<pose>Unspecified</pose>
		<truncated>0</truncated>
		<difficult>0</difficult>
		<bndbox>
			<xmin>117</xmin>
			<ymin>483</ymin>
			<xmax>353</xmax>
			<ymax>633</ymax>
		</bndbox>
	</object>
	<object>
		<name>building</name>
		<pose>Unspecified</pose>
		<truncated>1</truncated>
		<difficult>0</difficult>
		<bndbox>
			<xmin>478</xmin>
			<ymin>512</ymin>
			<xmax>640</xmax>
			<ymax>604</ymax>
		</bndbox>
	</object>
	<object>
		<name>sky</name>
		<pose>Unspecified</pose>
		<truncated>1</truncated>
		<difficult>0</difficult>
		<bndbox>
			<xmin>1</xmin>
			<ymin>1</ymin>
			<xmax>635</xmax>
			<ymax>493</ymax>
		</bndbox>
	</object>
</annotation>
