<annotation verified="yes">
	<folder>object_detection</folder>
	<filename>11n-LvKDGCM42X0hTU0jOn6svSuSM9QIA.jpg</filename>
	<path>/object_detection/11n-LvKDGCM42X0hTU0jOn6svSuSM9QIA.jpg</path>
	<source>
		<database>Unknown</database>
	</source>
	<size>
		<width>333</width>
		<height>499</height>
		<depth>3</depth>
	</size>
	<segmented>0</segmented>
	<object>
		<name>trash</name>
		<pose>Unspecified</pose>
		<truncated>1</truncated>
		<difficult>0</difficult>
		<bndbox>
			<xmin>1</xmin>
			<ymin>1</ymin>
			<xmax>322</xmax>
			<ymax>474</ymax>
		</bndbox>
	</object>
</annotation>
