<annotation verified="yes">
	<folder>object_detection</folder>
	<filename>11NSiNizWVVkYhRM1M0A0rIoAjtaHh7cQ.jpg</filename>
	<path>/object_detection/11NSiNizWVVkYhRM1M0A0rIoAjtaHh7cQ.jpg</path>
	<source>
		<database>Unknown</database>
	</source>
	<size>
		<width>640</width>
		<height>640</height>
		<depth>3</depth>
	</size>
	<segmented>0</segmented>
	<object>
		<name>tree</name>
		<pose>Unspecified</pose>
		<truncated>0</truncated>
		<difficult>0</difficult>
		<bndbox>
			<xmin>150</xmin>
			<ymin>299</ymin>
			<xmax>211</xmax>
			<ymax>428</ymax>
		</bndbox>
	</object>
	<object>
		<name>tree</name>
		<pose>Unspecified</pose>
		<truncated>0</truncated>
		<difficult>0</difficult>
		<bndbox>
			<xmin>227</xmin>
			<ymin>228</ymin>
			<xmax>345</xmax>
			<ymax>406</ymax>
		</bndbox>
	</object>
	<object>
		<name>tree</name>
		<pose>Unspecified</pose>
		<truncated>0</truncated>
		<difficult>0</difficult>
		<bndbox>
			<xmin>343</xmin>
			<ymin>212</ymin>
			<xmax>439</xmax>
			<ymax>384</ymax>
		</bndbox>
	</object>
	<object>
		<name>tree</name>
		<pose>Unspecified</pose>
		<truncated>0</truncated>
		<difficult>0</difficult>
		<bndbox>
			<xmin>441</xmin>
			<ymin>134</ymin>
			<xmax>515</xmax>
			<ymax>421</ymax>
		</bndbox>
	</object>
	<object>
		<name>tree</name>
		<pose>Unspecified</pose>
		<truncated>1</truncated>
		<difficult>0</difficult>
		<bndbox>
			<xmin>510</xmin>
			<ymin>117</ymin>
			<xmax>640</xmax>
			<ymax>438</ymax>
		</bndbox>
	</object>
	<object>
		<name>tree</name>
		<pose>Unspecified</pose>
		<truncated>0</truncated>
		<difficult>0</difficult>
		<bndbox>
			<xmin>581</xmin>
			<ymin>238</ymin>
			<xmax>639</xmax>
			<ymax>317</ymax>
		</bndbox>
	</object>
	<object>
		<name>mountain</name>
		<pose>Unspecified</pose>
		<truncated>1</truncated>
		<difficult>0</difficult>
		<bndbox>
			<xmin>1</xmin>
			<ymin>207</ymin>
			<xmax>509</xmax>
			<ymax>349</ymax>
		</bndbox>
	</object>
	<object>
		<name>sky</name>
		<pose>Unspecified</pose>
		<truncated>1</truncated>
		<difficult>0</difficult>
		<bndbox>
			<xmin>20</xmin>
			<ymin>1</ymin>
			<xmax>640</xmax>
			<ymax>208</ymax>
		</bndbox>
	</object>
	<object>
		<name>sea</name>
		<pose>Unspecified</pose>
		<truncated>1</truncated>
		<difficult>0</difficult>
		<bndbox>
			<xmin>12</xmin>
			<ymin>411</ymin>
			<xmax>640</xmax>
			<ymax>640</ymax>
		</bndbox>
	</object>
</annotation>
