<annotation verified="yes">
	<folder>object_detection</folder>
	<filename>11q0hsJUU-b193QXdi7VKakoDJtDYRXl8.jpg</filename>
	<path>/object_detection/11q0hsJUU-b193QXdi7VKakoDJtDYRXl8.jpg</path>
	<source>
		<database>Unknown</database>
	</source>
	<size>
		<width>500</width>
		<height>375</height>
		<depth>3</depth>
	</size>
	<segmented>0</segmented>
	<object>
		<name>graffiti</name>
		<pose>Unspecified</pose>
		<truncated>0</truncated>
		<difficult>0</difficult>
		<bndbox>
			<xmin>289</xmin>
			<ymin>132</ymin>
			<xmax>343</xmax>
			<ymax>181</ymax>
		</bndbox>
	</object>
	<object>
		<name>graffiti</name>
		<pose>Unspecified</pose>
		<truncated>0</truncated>
		<difficult>0</difficult>
		<bndbox>
			<xmin>445</xmin>
			<ymin>129</ymin>
			<xmax>495</xmax>
			<ymax>201</ymax>
		</bndbox>
	</object>
	<object>
		<name>trash</name>
		<pose>Unspecified</pose>
		<truncated>1</truncated>
		<difficult>0</difficult>
		<bndbox>
			<xmin>8</xmin>
			<ymin>217</ymin>
			<xmax>177</xmax>
			<ymax>375</ymax>
		</bndbox>
	</object>
	<object>
		<name>graffiti</name>
		<pose>Unspecified</pose>
		<truncated>0</truncated>
		<difficult>0</difficult>
		<bndbox>
			<xmin>193</xmin>
			<ymin>160</ymin>
			<xmax>245</xmax>
			<ymax>206</ymax>
		</bndbox>
	</object>
</annotation>
