<annotation verified="yes">
	<folder>object_detection</folder>
	<filename>11QUEy5OsX6GRAJGsNCZ9DHKx87o8HZUp.jpg</filename>
	<path>/object_detection/11QUEy5OsX6GRAJGsNCZ9DHKx87o8HZUp.jpg</path>
	<source>
		<database>Unknown</database>
	</source>
	<size>
		<width>500</width>
		<height>255</height>
		<depth>3</depth>
	</size>
	<segmented>0</segmented>
	<object>
		<name>excavator</name>
		<pose>Unspecified</pose>
		<truncated>0</truncated>
		<difficult>0</difficult>
		<bndbox>
			<xmin>211</xmin>
			<ymin>61</ymin>
			<xmax>482</xmax>
			<ymax>218</ymax>
		</bndbox>
	</object>
	<object>
		<name>truck</name>
		<pose>Unspecified</pose>
		<truncated>0</truncated>
		<difficult>0</difficult>
		<bndbox>
			<xmin>186</xmin>
			<ymin>132</ymin>
			<xmax>292</xmax>
			<ymax>180</ymax>
		</bndbox>
	</object>
	<object>
		<name>excavator</name>
		<pose>Unspecified</pose>
		<truncated>0</truncated>
		<difficult>0</difficult>
		<bndbox>
			<xmin>65</xmin>
			<ymin>109</ymin>
			<xmax>137</xmax>
			<ymax>162</ymax>
		</bndbox>
	</object>
	<object>
		<name>sky</name>
		<pose>Unspecified</pose>
		<truncated>1</truncated>
		<difficult>0</difficult>
		<bndbox>
			<xmin>5</xmin>
			<ymin>1</ymin>
			<xmax>500</xmax>
			<ymax>102</ymax>
		</bndbox>
	</object>
	<object>
		<name>vegetation</name>
		<pose>Unspecified</pose>
		<truncated>0</truncated>
		<difficult>0</difficult>
		<bndbox>
			<xmin>5</xmin>
			<ymin>76</ymin>
			<xmax>495</xmax>
			<ymax>162</ymax>
		</bndbox>
	</object>
	<object>
		<name>road</name>
		<pose>Unspecified</pose>
		<truncated>1</truncated>
		<difficult>0</difficult>
		<bndbox>
			<xmin>1</xmin>
			<ymin>162</ymin>
			<xmax>303</xmax>
			<ymax>255</ymax>
		</bndbox>
	</object>
</annotation>
