<annotation verified="yes">
	<folder>object_detection</folder>
	<filename>11vJ2WMWp9ITgG0Xfw3G_yKSVXg51WyqK.jpg</filename>
	<path>/object_detection/11vJ2WMWp9ITgG0Xfw3G_yKSVXg51WyqK.jpg</path>
	<source>
		<database>Unknown</database>
	</source>
	<size>
		<width>640</width>
		<height>640</height>
		<depth>3</depth>
	</size>
	<segmented>0</segmented>
	<object>
		<name>animal</name>
		<pose>Unspecified</pose>
		<truncated>0</truncated>
		<difficult>0</difficult>
		<bndbox>
			<xmin>161</xmin>
			<ymin>374</ymin>
			<xmax>331</xmax>
			<ymax>561</ymax>
		</bndbox>
	</object>
</annotation>
