<annotation verified="yes">
	<folder>object_detection</folder>
	<filename>11WB6YE6B0fxJRWCjBUvBFlMNd-fBA2oE.jpg</filename>
	<path>/object_detection/11WB6YE6B0fxJRWCjBUvBFlMNd-fBA2oE.jpg</path>
	<source>
		<database>Unknown</database>
	</source>
	<size>
		<width>500</width>
		<height>375</height>
		<depth>3</depth>
	</size>
	<segmented>0</segmented>
	<object>
		<name>sky</name>
		<pose>Unspecified</pose>
		<truncated>1</truncated>
		<difficult>0</difficult>
		<bndbox>
			<xmin>1</xmin>
			<ymin>2</ymin>
			<xmax>496</xmax>
			<ymax>144</ymax>
		</bndbox>
	</object>
	<object>
		<name>trash</name>
		<pose>Unspecified</pose>
		<truncated>0</truncated>
		<difficult>0</difficult>
		<bndbox>
			<xmin>5</xmin>
			<ymin>147</ymin>
			<xmax>203</xmax>
			<ymax>204</ymax>
		</bndbox>
	</object>
	<object>
		<name>road</name>
		<pose>Unspecified</pose>
		<truncated>0</truncated>
		<difficult>0</difficult>
		<bndbox>
			<xmin>14</xmin>
			<ymin>173</ymin>
			<xmax>480</xmax>
			<ymax>371</ymax>
		</bndbox>
	</object>
</annotation>
