<annotation verified="yes">
	<folder>object_detection</folder>
	<filename>11Y6NRm75y9IWu7VK6iCVfKpmkA05Tn31.jpg</filename>
	<path>/object_detection/11Y6NRm75y9IWu7VK6iCVfKpmkA05Tn31.jpg</path>
	<source>
		<database>Unknown</database>
	</source>
	<size>
		<width>640</width>
		<height>640</height>
		<depth>3</depth>
	</size>
	<segmented>0</segmented>
	<object>
		<name>person</name>
		<pose>Unspecified</pose>
		<truncated>1</truncated>
		<difficult>0</difficult>
		<bndbox>
			<xmin>537</xmin>
			<ymin>107</ymin>
			<xmax>640</xmax>
			<ymax>258</ymax>
		</bndbox>
	</object>
	<object>
		<name>excavator</name>
		<pose>Unspecified</pose>
		<truncated>1</truncated>
		<difficult>0</difficult>
		<bndbox>
			<xmin>1</xmin>
			<ymin>65</ymin>
			<xmax>615</xmax>
			<ymax>509</ymax>
		</bndbox>
	</object>
	<object>
		<name>building</name>
		<pose>Unspecified</pose>
		<truncated>1</truncated>
		<difficult>0</difficult>
		<bndbox>
			<xmin>168</xmin>
			<ymin>1</ymin>
			<xmax>561</xmax>
			<ymax>306</ymax>
		</bndbox>
	</object>
</annotation>
