<annotation verified="yes">
	<folder>object_detection</folder>
	<filename>11y88iHgkvlzr1t58NiEYtbC3YWxFeWeY.jpg</filename>
	<path>/object_detection/11y88iHgkvlzr1t58NiEYtbC3YWxFeWeY.jpg</path>
	<source>
		<database>Unknown</database>
	</source>
	<size>
		<width>499</width>
		<height>314</height>
		<depth>3</depth>
	</size>
	<segmented>0</segmented>
	<object>
		<name>car</name>
		<pose>Unspecified</pose>
		<truncated>0</truncated>
		<difficult>0</difficult>
		<bndbox>
			<xmin>276</xmin>
			<ymin>116</ymin>
			<xmax>476</xmax>
			<ymax>293</ymax>
		</bndbox>
	</object>
	<object>
		<name>car</name>
		<pose>Unspecified</pose>
		<truncated>0</truncated>
		<difficult>0</difficult>
		<bndbox>
			<xmin>32</xmin>
			<ymin>114</ymin>
			<xmax>248</xmax>
			<ymax>266</ymax>
		</bndbox>
	</object>
</annotation>
