<annotation verified="yes">
	<folder>object_detection</folder>
	<filename>11YiNXom7W31de4NEI2wTj7TnlWZQ719_.jpg</filename>
	<path>/object_detection/11YiNXom7W31de4NEI2wTj7TnlWZQ719_.jpg</path>
	<source>
		<database>Unknown</database>
	</source>
	<size>
		<width>454</width>
		<height>454</height>
		<depth>3</depth>
	</size>
	<segmented>0</segmented>
	<object>
		<name>boat</name>
		<pose>Unspecified</pose>
		<truncated>0</truncated>
		<difficult>0</difficult>
		<bndbox>
			<xmin>145</xmin>
			<ymin>374</ymin>
			<xmax>432</xmax>
			<ymax>441</ymax>
		</bndbox>
	</object>
	<object>
		<name>boat</name>
		<pose>Unspecified</pose>
		<truncated>1</truncated>
		<difficult>0</difficult>
		<bndbox>
			<xmin>1</xmin>
			<ymin>340</ymin>
			<xmax>60</xmax>
			<ymax>365</ymax>
		</bndbox>
	</object>
	<object>
		<name>boat</name>
		<pose>Unspecified</pose>
		<truncated>0</truncated>
		<difficult>0</difficult>
		<bndbox>
			<xmin>75</xmin>
			<ymin>331</ymin>
			<xmax>135</xmax>
			<ymax>363</ymax>
		</bndbox>
	</object>
	<object>
		<name>boat</name>
		<pose>Unspecified</pose>
		<truncated>0</truncated>
		<difficult>0</difficult>
		<bndbox>
			<xmin>132</xmin>
			<ymin>346</ymin>
			<xmax>361</xmax>
			<ymax>384</ymax>
		</bndbox>
	</object>
	<object>
		<name>sky</name>
		<pose>Unspecified</pose>
		<truncated>1</truncated>
		<difficult>0</difficult>
		<bndbox>
			<xmin>8</xmin>
			<ymin>2</ymin>
			<xmax>454</xmax>
			<ymax>329</ymax>
		</bndbox>
	</object>
	<object>
		<name>sea</name>
		<pose>Unspecified</pose>
		<truncated>1</truncated>
		<difficult>0</difficult>
		<bndbox>
			<xmin>9</xmin>
			<ymin>369</ymin>
			<xmax>450</xmax>
			<ymax>454</ymax>
		</bndbox>
	</object>
</annotation>
