<annotation verified="yes">
	<folder>object_detection</folder>
	<filename>120BCZ2Ob54jZKDLMeyGZ0WVOYia3qa1u.jpg</filename>
	<path>/object_detection/120BCZ2Ob54jZKDLMeyGZ0WVOYia3qa1u.jpg</path>
	<source>
		<database>Unknown</database>
	</source>
	<size>
		<width>500</width>
		<height>500</height>
		<depth>3</depth>
	</size>
	<segmented>0</segmented>
	<object>
		<name>person</name>
		<pose>Unspecified</pose>
		<truncated>1</truncated>
		<difficult>0</difficult>
		<bndbox>
			<xmin>193</xmin>
			<ymin>129</ymin>
			<xmax>399</xmax>
			<ymax>500</ymax>
		</bndbox>
	</object>
	<object>
		<name>building</name>
		<pose>Unspecified</pose>
		<truncated>1</truncated>
		<difficult>0</difficult>
		<bndbox>
			<xmin>1</xmin>
			<ymin>1</ymin>
			<xmax>192</xmax>
			<ymax>457</ymax>
		</bndbox>
	</object>
	<object>
		<name>light pole</name>
		<pose>Unspecified</pose>
		<truncated>0</truncated>
		<difficult>0</difficult>
		<bndbox>
			<xmin>392</xmin>
			<ymin>84</ymin>
			<xmax>437</xmax>
			<ymax>296</ymax>
		</bndbox>
	</object>
</annotation>
