<annotation verified="yes">
	<folder>object_detection</folder>
	<filename>120pGTHwSWxGvwxSnVcbYaJHzjGdIuzi3.jpg</filename>
	<path>/object_detection/120pGTHwSWxGvwxSnVcbYaJHzjGdIuzi3.jpg</path>
	<source>
		<database>Unknown</database>
	</source>
	<size>
		<width>640</width>
		<height>640</height>
		<depth>3</depth>
	</size>
	<segmented>0</segmented>
	<object>
		<name>animal</name>
		<pose>Unspecified</pose>
		<truncated>0</truncated>
		<difficult>0</difficult>
		<bndbox>
			<xmin>198</xmin>
			<ymin>226</ymin>
			<xmax>452</xmax>
			<ymax>617</ymax>
		</bndbox>
	</object>
	<object>
		<name>sign</name>
		<pose>Unspecified</pose>
		<truncated>1</truncated>
		<difficult>0</difficult>
		<bndbox>
			<xmin>1</xmin>
			<ymin>1</ymin>
			<xmax>272</xmax>
			<ymax>327</ymax>
		</bndbox>
	</object>
</annotation>
