<annotation verified="yes">
	<folder>object_detection</folder>
	<filename>1228pRyp3uakloP43ZF6F_Wmx1oZGGjjR.jpg</filename>
	<path>/object_detection/1228pRyp3uakloP43ZF6F_Wmx1oZGGjjR.jpg</path>
	<source>
		<database>Unknown</database>
	</source>
	<size>
		<width>333</width>
		<height>499</height>
		<depth>3</depth>
	</size>
	<segmented>0</segmented>
	<object>
		<name>weapon</name>
		<pose>Unspecified</pose>
		<truncated>0</truncated>
		<difficult>0</difficult>
		<bndbox>
			<xmin>148</xmin>
			<ymin>130</ymin>
			<xmax>201</xmax>
			<ymax>174</ymax>
		</bndbox>
	</object>
	<object>
		<name>barbed wire</name>
		<pose>Unspecified</pose>
		<truncated>1</truncated>
		<difficult>0</difficult>
		<bndbox>
			<xmin>7</xmin>
			<ymin>291</ymin>
			<xmax>333</xmax>
			<ymax>490</ymax>
		</bndbox>
	</object>
	<object>
		<name>soldier</name>
		<pose>Unspecified</pose>
		<truncated>0</truncated>
		<difficult>0</difficult>
		<bndbox>
			<xmin>163</xmin>
			<ymin>193</ymin>
			<xmax>226</xmax>
			<ymax>316</ymax>
		</bndbox>
	</object>
	<object>
		<name>soldier</name>
		<pose>Unspecified</pose>
		<truncated>0</truncated>
		<difficult>0</difficult>
		<bndbox>
			<xmin>153</xmin>
			<ymin>93</ymin>
			<xmax>215</xmax>
			<ymax>161</ymax>
		</bndbox>
	</object>
	<object>
		<name>soldier</name>
		<pose>Unspecified</pose>
		<truncated>1</truncated>
		<difficult>0</difficult>
		<bndbox>
			<xmin>294</xmin>
			<ymin>222</ymin>
			<xmax>333</xmax>
			<ymax>328</ymax>
		</bndbox>
	</object>
	<object>
		<name>soldier</name>
		<pose>Unspecified</pose>
		<truncated>1</truncated>
		<difficult>0</difficult>
		<bndbox>
			<xmin>64</xmin>
			<ymin>1</ymin>
			<xmax>102</xmax>
			<ymax>73</ymax>
		</bndbox>
	</object>
	<object>
		<name>soldier</name>
		<pose>Unspecified</pose>
		<truncated>1</truncated>
		<difficult>0</difficult>
		<bndbox>
			<xmin>20</xmin>
			<ymin>1</ymin>
			<xmax>57</xmax>
			<ymax>75</ymax>
		</bndbox>
	</object>
</annotation>
