<annotation verified="yes">
	<folder>object_detection</folder>
	<filename>124jW-dIZ3Zk-imkKLxP-RGDEpOtBh1Ft.jpg</filename>
	<path>/object_detection/124jW-dIZ3Zk-imkKLxP-RGDEpOtBh1Ft.jpg</path>
	<source>
		<database>Unknown</database>
	</source>
	<size>
		<width>499</width>
		<height>313</height>
		<depth>3</depth>
	</size>
	<segmented>0</segmented>
	<object>
		<name>firefighter</name>
		<pose>Unspecified</pose>
		<truncated>0</truncated>
		<difficult>0</difficult>
		<bndbox>
			<xmin>369</xmin>
			<ymin>101</ymin>
			<xmax>420</xmax>
			<ymax>236</ymax>
		</bndbox>
	</object>
	<object>
		<name>building</name>
		<pose>Unspecified</pose>
		<truncated>1</truncated>
		<difficult>0</difficult>
		<bndbox>
			<xmin>1</xmin>
			<ymin>1</ymin>
			<xmax>225</xmax>
			<ymax>132</ymax>
		</bndbox>
	</object>
	<object>
		<name>street</name>
		<pose>Unspecified</pose>
		<truncated>1</truncated>
		<difficult>0</difficult>
		<bndbox>
			<xmin>13</xmin>
			<ymin>136</ymin>
			<xmax>363</xmax>
			<ymax>313</ymax>
		</bndbox>
	</object>
</annotation>
