<annotation verified="yes">
	<folder>object_detection</folder>
	<filename>125Q0_4wpJo0GXSoT4IOJwXpntXRhu67B.jpg</filename>
	<path>/object_detection/125Q0_4wpJo0GXSoT4IOJwXpntXRhu67B.jpg</path>
	<source>
		<database>Unknown</database>
	</source>
	<size>
		<width>640</width>
		<height>797</height>
		<depth>3</depth>
	</size>
	<segmented>0</segmented>
	<object>
		<name>vegetation</name>
		<pose>Unspecified</pose>
		<truncated>1</truncated>
		<difficult>0</difficult>
		<bndbox>
			<xmin>1</xmin>
			<ymin>82</ymin>
			<xmax>251</xmax>
			<ymax>499</ymax>
		</bndbox>
	</object>
	<object>
		<name>rocks</name>
		<pose>Unspecified</pose>
		<truncated>1</truncated>
		<difficult>0</difficult>
		<bndbox>
			<xmin>408</xmin>
			<ymin>95</ymin>
			<xmax>640</xmax>
			<ymax>635</ymax>
		</bndbox>
	</object>
	<object>
		<name>road</name>
		<pose>Unspecified</pose>
		<truncated>1</truncated>
		<difficult>0</difficult>
		<bndbox>
			<xmin>1</xmin>
			<ymin>137</ymin>
			<xmax>617</xmax>
			<ymax>776</ymax>
		</bndbox>
	</object>
</annotation>
