<annotation verified="yes">
	<folder>object_detection</folder>
	<filename>125va_-fhmLWdzuVBCMP9xmfmOfRL7XMP.jpg</filename>
	<path>/object_detection/125va_-fhmLWdzuVBCMP9xmfmOfRL7XMP.jpg</path>
	<source>
		<database>Unknown</database>
	</source>
	<size>
		<width>640</width>
		<height>518</height>
		<depth>3</depth>
	</size>
	<segmented>0</segmented>
	<object>
		<name>trash</name>
		<pose>Unspecified</pose>
		<truncated>1</truncated>
		<difficult>0</difficult>
		<bndbox>
			<xmin>1</xmin>
			<ymin>210</ymin>
			<xmax>640</xmax>
			<ymax>518</ymax>
		</bndbox>
	</object>
	<object>
		<name>sign</name>
		<pose>Unspecified</pose>
		<truncated>0</truncated>
		<difficult>0</difficult>
		<bndbox>
			<xmin>22</xmin>
			<ymin>13</ymin>
			<xmax>140</xmax>
			<ymax>108</ymax>
		</bndbox>
	</object>
	<object>
		<name>wall</name>
		<pose>Unspecified</pose>
		<truncated>1</truncated>
		<difficult>0</difficult>
		<bndbox>
			<xmin>1</xmin>
			<ymin>7</ymin>
			<xmax>634</xmax>
			<ymax>363</ymax>
		</bndbox>
	</object>
	<object>
		<name>graffiti</name>
		<pose>Unspecified</pose>
		<truncated>1</truncated>
		<difficult>0</difficult>
		<bndbox>
			<xmin>543</xmin>
			<ymin>49</ymin>
			<xmax>640</xmax>
			<ymax>177</ymax>
		</bndbox>
	</object>
</annotation>
