<annotation verified="yes">
	<folder>object_detection</folder>
	<filename>125z71cXG1Knfe6N4bhwvbh4jgyHLgIyS.jpg</filename>
	<path>/object_detection/125z71cXG1Knfe6N4bhwvbh4jgyHLgIyS.jpg</path>
	<source>
		<database>Unknown</database>
	</source>
	<size>
		<width>331</width>
		<height>500</height>
		<depth>3</depth>
	</size>
	<segmented>0</segmented>
	<object>
		<name>policeman</name>
		<pose>Unspecified</pose>
		<truncated>1</truncated>
		<difficult>0</difficult>
		<bndbox>
			<xmin>1</xmin>
			<ymin>45</ymin>
			<xmax>114</xmax>
			<ymax>500</ymax>
		</bndbox>
	</object>
	<object>
		<name>policeman</name>
		<pose>Unspecified</pose>
		<truncated>1</truncated>
		<difficult>0</difficult>
		<bndbox>
			<xmin>210</xmin>
			<ymin>9</ymin>
			<xmax>331</xmax>
			<ymax>500</ymax>
		</bndbox>
	</object>
	<object>
		<name>person</name>
		<pose>Unspecified</pose>
		<truncated>0</truncated>
		<difficult>0</difficult>
		<bndbox>
			<xmin>96</xmin>
			<ymin>35</ymin>
			<xmax>208</xmax>
			<ymax>478</ymax>
		</bndbox>
	</object>
</annotation>
