<annotation verified="yes">
	<folder>object_detection</folder>
	<filename>127C1EwKzNM3JiXqpglveKVbEKEYHU4ne.jpg</filename>
	<path>/object_detection/127C1EwKzNM3JiXqpglveKVbEKEYHU4ne.jpg</path>
	<source>
		<database>Unknown</database>
	</source>
	<size>
		<width>331</width>
		<height>500</height>
		<depth>3</depth>
	</size>
	<segmented>0</segmented>
	<object>
		<name>sign</name>
		<pose>Unspecified</pose>
		<truncated>0</truncated>
		<difficult>0</difficult>
		<bndbox>
			<xmin>101</xmin>
			<ymin>70</ymin>
			<xmax>203</xmax>
			<ymax>118</ymax>
		</bndbox>
	</object>
	<object>
		<name>sign</name>
		<pose>Unspecified</pose>
		<truncated>0</truncated>
		<difficult>0</difficult>
		<bndbox>
			<xmin>38</xmin>
			<ymin>76</ymin>
			<xmax>108</xmax>
			<ymax>128</ymax>
		</bndbox>
	</object>
	<object>
		<name>window</name>
		<pose>Unspecified</pose>
		<truncated>1</truncated>
		<difficult>0</difficult>
		<bndbox>
			<xmin>85</xmin>
			<ymin>1</ymin>
			<xmax>178</xmax>
			<ymax>42</ymax>
		</bndbox>
	</object>
	<object>
		<name>building</name>
		<pose>Unspecified</pose>
		<truncated>1</truncated>
		<difficult>0</difficult>
		<bndbox>
			<xmin>1</xmin>
			<ymin>1</ymin>
			<xmax>323</xmax>
			<ymax>125</ymax>
		</bndbox>
	</object>
	<object>
		<name>car</name>
		<pose>Unspecified</pose>
		<truncated>0</truncated>
		<difficult>0</difficult>
		<bndbox>
			<xmin>64</xmin>
			<ymin>116</ymin>
			<xmax>221</xmax>
			<ymax>303</ymax>
		</bndbox>
	</object>
	<object>
		<name>animal</name>
		<pose>Unspecified</pose>
		<truncated>0</truncated>
		<difficult>0</difficult>
		<bndbox>
			<xmin>125</xmin>
			<ymin>131</ymin>
			<xmax>327</xmax>
			<ymax>314</ymax>
		</bndbox>
	</object>
</annotation>
