<annotation verified="yes">
	<folder>object_detection</folder>
	<filename>129uQI1ZoMsAz7o1iAo3_a07lGoT8eCay.jpg</filename>
	<path>/object_detection/129uQI1ZoMsAz7o1iAo3_a07lGoT8eCay.jpg</path>
	<source>
		<database>Unknown</database>
	</source>
	<size>
		<width>640</width>
		<height>800</height>
		<depth>3</depth>
	</size>
	<segmented>0</segmented>
	<object>
		<name>bridge</name>
		<pose>Unspecified</pose>
		<truncated>1</truncated>
		<difficult>0</difficult>
		<bndbox>
			<xmin>12</xmin>
			<ymin>77</ymin>
			<xmax>640</xmax>
			<ymax>320</ymax>
		</bndbox>
	</object>
	<object>
		<name>sky</name>
		<pose>Unspecified</pose>
		<truncated>1</truncated>
		<difficult>0</difficult>
		<bndbox>
			<xmin>12</xmin>
			<ymin>1</ymin>
			<xmax>640</xmax>
			<ymax>111</ymax>
		</bndbox>
	</object>
</annotation>
