<annotation verified="yes">
	<folder>object_detection</folder>
	<filename>12_3JLtffLz9MkB28LUsnntHwRD_zFP-e.jpg</filename>
	<path>/object_detection/12_3JLtffLz9MkB28LUsnntHwRD_zFP-e.jpg</path>
	<source>
		<database>Unknown</database>
	</source>
	<size>
		<width>499</width>
		<height>318</height>
		<depth>3</depth>
	</size>
	<segmented>0</segmented>
	<object>
		<name>trash</name>
		<pose>Unspecified</pose>
		<truncated>0</truncated>
		<difficult>0</difficult>
		<bndbox>
			<xmin>6</xmin>
			<ymin>67</ymin>
			<xmax>365</xmax>
			<ymax>291</ymax>
		</bndbox>
	</object>
	<object>
		<name>sea</name>
		<pose>Unspecified</pose>
		<truncated>1</truncated>
		<difficult>0</difficult>
		<bndbox>
			<xmin>128</xmin>
			<ymin>72</ymin>
			<xmax>499</xmax>
			<ymax>128</ymax>
		</bndbox>
	</object>
	<object>
		<name>sky</name>
		<pose>Unspecified</pose>
		<truncated>1</truncated>
		<difficult>0</difficult>
		<bndbox>
			<xmin>1</xmin>
			<ymin>1</ymin>
			<xmax>492</xmax>
			<ymax>66</ymax>
		</bndbox>
	</object>
</annotation>
