<annotation verified="yes">
	<folder>object_detection</folder>
	<filename>12_J7UEaMgSUUyFQMxWiee-HbCmIiLCfc.jpg</filename>
	<path>/object_detection/12_J7UEaMgSUUyFQMxWiee-HbCmIiLCfc.jpg</path>
	<source>
		<database>Unknown</database>
	</source>
	<size>
		<width>500</width>
		<height>334</height>
		<depth>3</depth>
	</size>
	<segmented>0</segmented>
	<object>
		<name>collumn</name>
		<pose>Unspecified</pose>
		<truncated>0</truncated>
		<difficult>0</difficult>
		<bndbox>
			<xmin>101</xmin>
			<ymin>72</ymin>
			<xmax>153</xmax>
			<ymax>244</ymax>
		</bndbox>
	</object>
	<object>
		<name>collumn</name>
		<pose>Unspecified</pose>
		<truncated>0</truncated>
		<difficult>0</difficult>
		<bndbox>
			<xmin>70</xmin>
			<ymin>113</ymin>
			<xmax>98</xmax>
			<ymax>212</ymax>
		</bndbox>
	</object>
	<object>
		<name>collumn</name>
		<pose>Unspecified</pose>
		<truncated>0</truncated>
		<difficult>0</difficult>
		<bndbox>
			<xmin>38</xmin>
			<ymin>98</ymin>
			<xmax>70</xmax>
			<ymax>207</ymax>
		</bndbox>
	</object>
	<object>
		<name>collumn</name>
		<pose>Unspecified</pose>
		<truncated>0</truncated>
		<difficult>0</difficult>
		<bndbox>
			<xmin>169</xmin>
			<ymin>115</ymin>
			<xmax>199</xmax>
			<ymax>211</ymax>
		</bndbox>
	</object>
	<object>
		<name>collumn</name>
		<pose>Unspecified</pose>
		<truncated>0</truncated>
		<difficult>0</difficult>
		<bndbox>
			<xmin>284</xmin>
			<ymin>62</ymin>
			<xmax>307</xmax>
			<ymax>217</ymax>
		</bndbox>
	</object>
	<object>
		<name>collumn</name>
		<pose>Unspecified</pose>
		<truncated>0</truncated>
		<difficult>0</difficult>
		<bndbox>
			<xmin>249</xmin>
			<ymin>111</ymin>
			<xmax>267</xmax>
			<ymax>189</ymax>
		</bndbox>
	</object>
	<object>
		<name>collumn</name>
		<pose>Unspecified</pose>
		<truncated>0</truncated>
		<difficult>0</difficult>
		<bndbox>
			<xmin>202</xmin>
			<ymin>124</ymin>
			<xmax>224</xmax>
			<ymax>188</ymax>
		</bndbox>
	</object>
	<object>
		<name>collumn</name>
		<pose>Unspecified</pose>
		<truncated>0</truncated>
		<difficult>0</difficult>
		<bndbox>
			<xmin>409</xmin>
			<ymin>11</ymin>
			<xmax>460</xmax>
			<ymax>241</ymax>
		</bndbox>
	</object>
	<object>
		<name>collumn</name>
		<pose>Unspecified</pose>
		<truncated>0</truncated>
		<difficult>0</difficult>
		<bndbox>
			<xmin>373</xmin>
			<ymin>59</ymin>
			<xmax>406</xmax>
			<ymax>215</ymax>
		</bndbox>
	</object>
	<object>
		<name>collumn</name>
		<pose>Unspecified</pose>
		<truncated>0</truncated>
		<difficult>0</difficult>
		<bndbox>
			<xmin>305</xmin>
			<ymin>17</ymin>
			<xmax>355</xmax>
			<ymax>243</ymax>
		</bndbox>
	</object>
	<object>
		<name>collumn</name>
		<pose>Unspecified</pose>
		<truncated>1</truncated>
		<difficult>0</difficult>
		<bndbox>
			<xmin>476</xmin>
			<ymin>52</ymin>
			<xmax>500</xmax>
			<ymax>211</ymax>
		</bndbox>
	</object>
	<object>
		<name>collumn</name>
		<pose>Unspecified</pose>
		<truncated>0</truncated>
		<difficult>0</difficult>
		<bndbox>
			<xmin>455</xmin>
			<ymin>92</ymin>
			<xmax>478</xmax>
			<ymax>198</ymax>
		</bndbox>
	</object>
	<object>
		<name>collumn</name>
		<pose>Unspecified</pose>
		<truncated>0</truncated>
		<difficult>0</difficult>
		<bndbox>
			<xmin>351</xmin>
			<ymin>110</ymin>
			<xmax>368</xmax>
			<ymax>194</ymax>
		</bndbox>
	</object>
	<object>
		<name>collumn</name>
		<pose>Unspecified</pose>
		<truncated>0</truncated>
		<difficult>0</difficult>
		<bndbox>
			<xmin>264</xmin>
			<ymin>105</ymin>
			<xmax>284</xmax>
			<ymax>200</ymax>
		</bndbox>
	</object>
	<object>
		<name>beach</name>
		<pose>Unspecified</pose>
		<truncated>1</truncated>
		<difficult>0</difficult>
		<bndbox>
			<xmin>2</xmin>
			<ymin>201</ymin>
			<xmax>500</xmax>
			<ymax>334</ymax>
		</bndbox>
	</object>
</annotation>
