<annotation verified="yes">
	<folder>object_detection</folder>
	<filename>12cn0hPD7pn79MJqccL5AdSeJv0yaweo3.jpg</filename>
	<path>/object_detection/12cn0hPD7pn79MJqccL5AdSeJv0yaweo3.jpg</path>
	<source>
		<database>Unknown</database>
	</source>
	<size>
		<width>612</width>
		<height>612</height>
		<depth>3</depth>
	</size>
	<segmented>0</segmented>
	<object>
		<name>moon</name>
		<pose>Unspecified</pose>
		<truncated>0</truncated>
		<difficult>0</difficult>
		<bndbox>
			<xmin>392</xmin>
			<ymin>161</ymin>
			<xmax>445</xmax>
			<ymax>205</ymax>
		</bndbox>
	</object>
	<object>
		<name>tree</name>
		<pose>Unspecified</pose>
		<truncated>1</truncated>
		<difficult>0</difficult>
		<bndbox>
			<xmin>371</xmin>
			<ymin>192</ymin>
			<xmax>612</xmax>
			<ymax>446</ymax>
		</bndbox>
	</object>
	<object>
		<name>tree</name>
		<pose>Unspecified</pose>
		<truncated>0</truncated>
		<difficult>0</difficult>
		<bndbox>
			<xmin>7</xmin>
			<ymin>258</ymin>
			<xmax>336</xmax>
			<ymax>586</ymax>
		</bndbox>
	</object>
	<object>
		<name>sky</name>
		<pose>Unspecified</pose>
		<truncated>0</truncated>
		<difficult>0</difficult>
		<bndbox>
			<xmin>38</xmin>
			<ymin>27</ymin>
			<xmax>592</xmax>
			<ymax>242</ymax>
		</bndbox>
	</object>
</annotation>
