<annotation verified="yes">
	<folder>object_detection</folder>
	<filename>12e8_Y5YhshmwPTSiJBUs1wLauT1YUlsk.jpg</filename>
	<path>/object_detection/12e8_Y5YhshmwPTSiJBUs1wLauT1YUlsk.jpg</path>
	<source>
		<database>Unknown</database>
	</source>
	<size>
		<width>500</width>
		<height>326</height>
		<depth>3</depth>
	</size>
	<segmented>0</segmented>
	<object>
		<name>building</name>
		<pose>Unspecified</pose>
		<truncated>0</truncated>
		<difficult>0</difficult>
		<bndbox>
			<xmin>12</xmin>
			<ymin>7</ymin>
			<xmax>401</xmax>
			<ymax>275</ymax>
		</bndbox>
	</object>
	<object>
		<name>window</name>
		<pose>Unspecified</pose>
		<truncated>0</truncated>
		<difficult>0</difficult>
		<bndbox>
			<xmin>70</xmin>
			<ymin>8</ymin>
			<xmax>179</xmax>
			<ymax>167</ymax>
		</bndbox>
	</object>
	<object>
		<name>window</name>
		<pose>Unspecified</pose>
		<truncated>0</truncated>
		<difficult>0</difficult>
		<bndbox>
			<xmin>276</xmin>
			<ymin>17</ymin>
			<xmax>370</xmax>
			<ymax>156</ymax>
		</bndbox>
	</object>
</annotation>
