<annotation verified="yes">
	<folder>object_detection</folder>
	<filename>12fBRd_mzcavn2ZBRo06ssKpiwXMAeBzk.jpg</filename>
	<path>/object_detection/12fBRd_mzcavn2ZBRo06ssKpiwXMAeBzk.jpg</path>
	<source>
		<database>Unknown</database>
	</source>
	<size>
		<width>640</width>
		<height>640</height>
		<depth>3</depth>
	</size>
	<segmented>0</segmented>
	<object>
		<name>flowers</name>
		<pose>Unspecified</pose>
		<truncated>0</truncated>
		<difficult>0</difficult>
		<bndbox>
			<xmin>180</xmin>
			<ymin>122</ymin>
			<xmax>569</xmax>
			<ymax>621</ymax>
		</bndbox>
	</object>
	<object>
		<name>window</name>
		<pose>Unspecified</pose>
		<truncated>1</truncated>
		<difficult>0</difficult>
		<bndbox>
			<xmin>1</xmin>
			<ymin>220</ymin>
			<xmax>373</xmax>
			<ymax>422</ymax>
		</bndbox>
	</object>
	<object>
		<name>wall</name>
		<pose>Unspecified</pose>
		<truncated>0</truncated>
		<difficult>0</difficult>
		<bndbox>
			<xmin>4</xmin>
			<ymin>6</ymin>
			<xmax>522</xmax>
			<ymax>537</ymax>
		</bndbox>
	</object>
</annotation>
