<annotation verified="yes">
	<folder>object_detection</folder>
	<filename>12geIwtLuFSrr5a-jML6NvPH5bWQkqjfR.jpg</filename>
	<path>/object_detection/12geIwtLuFSrr5a-jML6NvPH5bWQkqjfR.jpg</path>
	<source>
		<database>Unknown</database>
	</source>
	<size>
		<width>640</width>
		<height>640</height>
		<depth>3</depth>
	</size>
	<segmented>0</segmented>
	<object>
		<name>animal</name>
		<pose>Unspecified</pose>
		<truncated>0</truncated>
		<difficult>0</difficult>
		<bndbox>
			<xmin>245</xmin>
			<ymin>218</ymin>
			<xmax>461</xmax>
			<ymax>464</ymax>
		</bndbox>
	</object>
	<object>
		<name>sky</name>
		<pose>Unspecified</pose>
		<truncated>1</truncated>
		<difficult>0</difficult>
		<bndbox>
			<xmin>23</xmin>
			<ymin>42</ymin>
			<xmax>640</xmax>
			<ymax>627</ymax>
		</bndbox>
	</object>
</annotation>
