<annotation verified="yes">
	<folder>object_detection</folder>
	<filename>12GISVBzZrtYJ9VjyJULtRVSkveCJW8Uh.jpg</filename>
	<path>/object_detection/12GISVBzZrtYJ9VjyJULtRVSkveCJW8Uh.jpg</path>
	<source>
		<database>Unknown</database>
	</source>
	<size>
		<width>333</width>
		<height>499</height>
		<depth>3</depth>
	</size>
	<segmented>0</segmented>
	<object>
		<name>building</name>
		<pose>Unspecified</pose>
		<truncated>1</truncated>
		<difficult>0</difficult>
		<bndbox>
			<xmin>222</xmin>
			<ymin>297</ymin>
			<xmax>333</xmax>
			<ymax>397</ymax>
		</bndbox>
	</object>
	<object>
		<name>building</name>
		<pose>Unspecified</pose>
		<truncated>1</truncated>
		<difficult>0</difficult>
		<bndbox>
			<xmin>1</xmin>
			<ymin>351</ymin>
			<xmax>114</xmax>
			<ymax>396</ymax>
		</bndbox>
	</object>
	<object>
		<name>graffiti</name>
		<pose>Unspecified</pose>
		<truncated>0</truncated>
		<difficult>0</difficult>
		<bndbox>
			<xmin>9</xmin>
			<ymin>396</ymin>
			<xmax>88</xmax>
			<ymax>425</ymax>
		</bndbox>
	</object>
	<object>
		<name>sky</name>
		<pose>Unspecified</pose>
		<truncated>1</truncated>
		<difficult>0</difficult>
		<bndbox>
			<xmin>4</xmin>
			<ymin>1</ymin>
			<xmax>333</xmax>
			<ymax>335</ymax>
		</bndbox>
	</object>
	<object>
		<name>train track</name>
		<pose>Unspecified</pose>
		<truncated>1</truncated>
		<difficult>0</difficult>
		<bndbox>
			<xmin>23</xmin>
			<ymin>428</ymin>
			<xmax>333</xmax>
			<ymax>499</ymax>
		</bndbox>
	</object>
</annotation>
