<annotation verified="yes">
	<folder>object_detection</folder>
	<filename>12IOa241-m6f35UeVtNP1llwC8_Is1_3S.jpg</filename>
	<path>/object_detection/12IOa241-m6f35UeVtNP1llwC8_Is1_3S.jpg</path>
	<source>
		<database>Unknown</database>
	</source>
	<size>
		<width>500</width>
		<height>281</height>
		<depth>3</depth>
	</size>
	<segmented>0</segmented>
	<object>
		<name>mountain</name>
		<pose>Unspecified</pose>
		<truncated>0</truncated>
		<difficult>0</difficult>
		<bndbox>
			<xmin>17</xmin>
			<ymin>37</ymin>
			<xmax>497</xmax>
			<ymax>252</ymax>
		</bndbox>
	</object>
	<object>
		<name>sky</name>
		<pose>Unspecified</pose>
		<truncated>1</truncated>
		<difficult>0</difficult>
		<bndbox>
			<xmin>1</xmin>
			<ymin>1</ymin>
			<xmax>500</xmax>
			<ymax>97</ymax>
		</bndbox>
	</object>
</annotation>
