<annotation verified="yes">
	<folder>object_detection</folder>
	<filename>12jJ2kwTXkjyjeh5Hw0vH-Trqyt3d_VzN.jpg</filename>
	<path>/object_detection/12jJ2kwTXkjyjeh5Hw0vH-Trqyt3d_VzN.jpg</path>
	<source>
		<database>Unknown</database>
	</source>
	<size>
		<width>499</width>
		<height>333</height>
		<depth>3</depth>
	</size>
	<segmented>0</segmented>
	<object>
		<name>sky</name>
		<pose>Unspecified</pose>
		<truncated>1</truncated>
		<difficult>0</difficult>
		<bndbox>
			<xmin>5</xmin>
			<ymin>1</ymin>
			<xmax>499</xmax>
			<ymax>139</ymax>
		</bndbox>
	</object>
	<object>
		<name>mountain</name>
		<pose>Unspecified</pose>
		<truncated>0</truncated>
		<difficult>0</difficult>
		<bndbox>
			<xmin>7</xmin>
			<ymin>131</ymin>
			<xmax>386</xmax>
			<ymax>175</ymax>
		</bndbox>
	</object>
	<object>
		<name>vegetation</name>
		<pose>Unspecified</pose>
		<truncated>0</truncated>
		<difficult>0</difficult>
		<bndbox>
			<xmin>4</xmin>
			<ymin>179</ymin>
			<xmax>478</xmax>
			<ymax>207</ymax>
		</bndbox>
	</object>
	<object>
		<name>river</name>
		<pose>Unspecified</pose>
		<truncated>0</truncated>
		<difficult>0</difficult>
		<bndbox>
			<xmin>3</xmin>
			<ymin>207</ymin>
			<xmax>400</xmax>
			<ymax>309</ymax>
		</bndbox>
	</object>
</annotation>
