<annotation verified="yes">
	<folder>object_detection</folder>
	<filename>12JNKMTSiREyIrkC_Nqj4oFgXdlsC_bRV.jpg</filename>
	<path>/object_detection/12JNKMTSiREyIrkC_Nqj4oFgXdlsC_bRV.jpg</path>
	<source>
		<database>Unknown</database>
	</source>
	<size>
		<width>500</width>
		<height>335</height>
		<depth>3</depth>
	</size>
	<segmented>0</segmented>
	<object>
		<name>weapon</name>
		<pose>Unspecified</pose>
		<truncated>0</truncated>
		<difficult>0</difficult>
		<bndbox>
			<xmin>82</xmin>
			<ymin>129</ymin>
			<xmax>423</xmax>
			<ymax>289</ymax>
		</bndbox>
	</object>
	<object>
		<name>sky</name>
		<pose>Unspecified</pose>
		<truncated>1</truncated>
		<difficult>0</difficult>
		<bndbox>
			<xmin>6</xmin>
			<ymin>1</ymin>
			<xmax>500</xmax>
			<ymax>165</ymax>
		</bndbox>
	</object>
</annotation>
