<annotation verified="yes">
	<folder>object_detection</folder>
	<filename>12JqhJeqbDN9RZjMPLYAiJlsObIbOqOsc.jpg</filename>
	<path>/object_detection/12JqhJeqbDN9RZjMPLYAiJlsObIbOqOsc.jpg</path>
	<source>
		<database>Unknown</database>
	</source>
	<size>
		<width>640</width>
		<height>640</height>
		<depth>3</depth>
	</size>
	<segmented>0</segmented>
	<object>
		<name>trash</name>
		<pose>Unspecified</pose>
		<truncated>0</truncated>
		<difficult>0</difficult>
		<bndbox>
			<xmin>47</xmin>
			<ymin>107</ymin>
			<xmax>394</xmax>
			<ymax>568</ymax>
		</bndbox>
	</object>
	<object>
		<name>traffic cone</name>
		<pose>Unspecified</pose>
		<truncated>0</truncated>
		<difficult>0</difficult>
		<bndbox>
			<xmin>513</xmin>
			<ymin>250</ymin>
			<xmax>629</xmax>
			<ymax>539</ymax>
		</bndbox>
	</object>
	<object>
		<name>vegetation</name>
		<pose>Unspecified</pose>
		<truncated>1</truncated>
		<difficult>0</difficult>
		<bndbox>
			<xmin>479</xmin>
			<ymin>1</ymin>
			<xmax>640</xmax>
			<ymax>376</ymax>
		</bndbox>
	</object>
</annotation>
