<annotation verified="yes">
	<folder>object_detection</folder>
	<filename>12jS8kqJyVCPZZbJSfE4RlEPHfO4rDLOB.jpg</filename>
	<path>/object_detection/12jS8kqJyVCPZZbJSfE4RlEPHfO4rDLOB.jpg</path>
	<source>
		<database>Unknown</database>
	</source>
	<size>
		<width>333</width>
		<height>499</height>
		<depth>3</depth>
	</size>
	<segmented>0</segmented>
	<object>
		<name>building</name>
		<pose>Unspecified</pose>
		<truncated>1</truncated>
		<difficult>0</difficult>
		<bndbox>
			<xmin>1</xmin>
			<ymin>1</ymin>
			<xmax>178</xmax>
			<ymax>483</ymax>
		</bndbox>
	</object>
	<object>
		<name>building</name>
		<pose>Unspecified</pose>
		<truncated>1</truncated>
		<difficult>0</difficult>
		<bndbox>
			<xmin>206</xmin>
			<ymin>11</ymin>
			<xmax>333</xmax>
			<ymax>499</ymax>
		</bndbox>
	</object>
</annotation>
