<annotation verified="yes">
	<folder>object_detection</folder>
	<filename>12KgxeFBpiqO4wdfRbKPcpzp8LdlwWjUz.jpg</filename>
	<path>/object_detection/12KgxeFBpiqO4wdfRbKPcpzp8LdlwWjUz.jpg</path>
	<source>
		<database>Unknown</database>
	</source>
	<size>
		<width>500</width>
		<height>375</height>
		<depth>3</depth>
	</size>
	<segmented>0</segmented>
	<object>
		<name>toilet</name>
		<pose>Unspecified</pose>
		<truncated>1</truncated>
		<difficult>0</difficult>
		<bndbox>
			<xmin>202</xmin>
			<ymin>1</ymin>
			<xmax>495</xmax>
			<ymax>327</ymax>
		</bndbox>
	</object>
	<object>
		<name>trash can</name>
		<pose>Unspecified</pose>
		<truncated>0</truncated>
		<difficult>0</difficult>
		<bndbox>
			<xmin>117</xmin>
			<ymin>187</ymin>
			<xmax>198</xmax>
			<ymax>293</ymax>
		</bndbox>
	</object>
	<object>
		<name>trash</name>
		<pose>Unspecified</pose>
		<truncated>1</truncated>
		<difficult>0</difficult>
		<bndbox>
			<xmin>361</xmin>
			<ymin>156</ymin>
			<xmax>500</xmax>
			<ymax>329</ymax>
		</bndbox>
	</object>
</annotation>
