<annotation verified="yes">
	<folder>object_detection</folder>
	<filename>12KTYozKmsWVR0pvhcuw9E-zuZ9ycoNyB.jpg</filename>
	<path>/object_detection/12KTYozKmsWVR0pvhcuw9E-zuZ9ycoNyB.jpg</path>
	<source>
		<database>Unknown</database>
	</source>
	<size>
		<width>640</width>
		<height>640</height>
		<depth>3</depth>
	</size>
	<segmented>0</segmented>
	<object>
		<name>building</name>
		<pose>Unspecified</pose>
		<truncated>0</truncated>
		<difficult>0</difficult>
		<bndbox>
			<xmin>28</xmin>
			<ymin>31</ymin>
			<xmax>629</xmax>
			<ymax>610</ymax>
		</bndbox>
	</object>
</annotation>
