<annotation verified="yes">
	<folder>object_detection</folder>
	<filename>12Mk9dD1ifu-bbtovfGj7m3SsS1XSxTdU.jpg</filename>
	<path>/object_detection/12Mk9dD1ifu-bbtovfGj7m3SsS1XSxTdU.jpg</path>
	<source>
		<database>Unknown</database>
	</source>
	<size>
		<width>500</width>
		<height>375</height>
		<depth>3</depth>
	</size>
	<segmented>0</segmented>
	<object>
		<name>person</name>
		<pose>Unspecified</pose>
		<truncated>1</truncated>
		<difficult>0</difficult>
		<bndbox>
			<xmin>49</xmin>
			<ymin>167</ymin>
			<xmax>170</xmax>
			<ymax>375</ymax>
		</bndbox>
	</object>
	<object>
		<name>river</name>
		<pose>Unspecified</pose>
		<truncated>1</truncated>
		<difficult>0</difficult>
		<bndbox>
			<xmin>1</xmin>
			<ymin>95</ymin>
			<xmax>499</xmax>
			<ymax>375</ymax>
		</bndbox>
	</object>
	<object>
		<name>vegetation</name>
		<pose>Unspecified</pose>
		<truncated>1</truncated>
		<difficult>0</difficult>
		<bndbox>
			<xmin>140</xmin>
			<ymin>1</ymin>
			<xmax>477</xmax>
			<ymax>74</ymax>
		</bndbox>
	</object>
</annotation>
