<annotation verified="yes">
	<folder>object_detection</folder>
	<filename>12rKsWNK8sEI46lufM8laqghsKBkUyqtX.jpg</filename>
	<path>/object_detection/12rKsWNK8sEI46lufM8laqghsKBkUyqtX.jpg</path>
	<source>
		<database>Unknown</database>
	</source>
	<size>
		<width>500</width>
		<height>375</height>
		<depth>3</depth>
	</size>
	<segmented>0</segmented>
	<object>
		<name>trash</name>
		<pose>Unspecified</pose>
		<truncated>0</truncated>
		<difficult>0</difficult>
		<bndbox>
			<xmin>40</xmin>
			<ymin>143</ymin>
			<xmax>498</xmax>
			<ymax>363</ymax>
		</bndbox>
	</object>
	<object>
		<name>bridge</name>
		<pose>Unspecified</pose>
		<truncated>1</truncated>
		<difficult>0</difficult>
		<bndbox>
			<xmin>1</xmin>
			<ymin>84</ymin>
			<xmax>303</xmax>
			<ymax>145</ymax>
		</bndbox>
	</object>
	<object>
		<name>building</name>
		<pose>Unspecified</pose>
		<truncated>0</truncated>
		<difficult>0</difficult>
		<bndbox>
			<xmin>194</xmin>
			<ymin>65</ymin>
			<xmax>315</xmax>
			<ymax>102</ymax>
		</bndbox>
	</object>
	<object>
		<name>building</name>
		<pose>Unspecified</pose>
		<truncated>0</truncated>
		<difficult>0</difficult>
		<bndbox>
			<xmin>320</xmin>
			<ymin>62</ymin>
			<xmax>390</xmax>
			<ymax>104</ymax>
		</bndbox>
	</object>
	<object>
		<name>building</name>
		<pose>Unspecified</pose>
		<truncated>1</truncated>
		<difficult>0</difficult>
		<bndbox>
			<xmin>395</xmin>
			<ymin>69</ymin>
			<xmax>500</xmax>
			<ymax>105</ymax>
		</bndbox>
	</object>
	<object>
		<name>sky</name>
		<pose>Unspecified</pose>
		<truncated>1</truncated>
		<difficult>0</difficult>
		<bndbox>
			<xmin>53</xmin>
			<ymin>1</ymin>
			<xmax>495</xmax>
			<ymax>74</ymax>
		</bndbox>
	</object>
	<object>
		<name>graffiti</name>
		<pose>Unspecified</pose>
		<truncated>0</truncated>
		<difficult>0</difficult>
		<bndbox>
			<xmin>340</xmin>
			<ymin>238</ymin>
			<xmax>378</xmax>
			<ymax>348</ymax>
		</bndbox>
	</object>
</annotation>
