<annotation verified="yes">
	<folder>object_detection</folder>
	<filename>12rRTpkTIgFo5DKOjKn9oNq3J59Y9s6DA.jpg</filename>
	<path>/object_detection/12rRTpkTIgFo5DKOjKn9oNq3J59Y9s6DA.jpg</path>
	<source>
		<database>Unknown</database>
	</source>
	<size>
		<width>768</width>
		<height>1024</height>
		<depth>3</depth>
	</size>
	<segmented>0</segmented>
	<object>
		<name>trash</name>
		<pose>Unspecified</pose>
		<truncated>1</truncated>
		<difficult>0</difficult>
		<bndbox>
			<xmin>43</xmin>
			<ymin>458</ymin>
			<xmax>768</xmax>
			<ymax>1024</ymax>
		</bndbox>
	</object>
	<object>
		<name>graffiti</name>
		<pose>Unspecified</pose>
		<truncated>1</truncated>
		<difficult>0</difficult>
		<bndbox>
			<xmin>239</xmin>
			<ymin>1</ymin>
			<xmax>768</xmax>
			<ymax>327</ymax>
		</bndbox>
	</object>
</annotation>
