<annotation verified="yes">
	<folder>object_detection</folder>
	<filename>12s7mvCn87yrmD1ATHBQfN5IGCVFC7ifR.jpg</filename>
	<path>/object_detection/12s7mvCn87yrmD1ATHBQfN5IGCVFC7ifR.jpg</path>
	<source>
		<database>Unknown</database>
	</source>
	<size>
		<width>500</width>
		<height>375</height>
		<depth>3</depth>
	</size>
	<segmented>0</segmented>
	<object>
		<name>boat</name>
		<pose>Unspecified</pose>
		<truncated>0</truncated>
		<difficult>0</difficult>
		<bndbox>
			<xmin>151</xmin>
			<ymin>226</ymin>
			<xmax>426</xmax>
			<ymax>302</ymax>
		</bndbox>
	</object>
	<object>
		<name>river</name>
		<pose>Unspecified</pose>
		<truncated>1</truncated>
		<difficult>0</difficult>
		<bndbox>
			<xmin>7</xmin>
			<ymin>286</ymin>
			<xmax>500</xmax>
			<ymax>375</ymax>
		</bndbox>
	</object>
	<object>
		<name>sky</name>
		<pose>Unspecified</pose>
		<truncated>1</truncated>
		<difficult>0</difficult>
		<bndbox>
			<xmin>1</xmin>
			<ymin>1</ymin>
			<xmax>486</xmax>
			<ymax>237</ymax>
		</bndbox>
	</object>
</annotation>
