<annotation verified="yes">
	<folder>object_detection</folder>
	<filename>12sGh61em5kdmPTdExE7RJ8YjT1hzlWuW.jpg</filename>
	<path>/object_detection/12sGh61em5kdmPTdExE7RJ8YjT1hzlWuW.jpg</path>
	<source>
		<database>Unknown</database>
	</source>
	<size>
		<width>375</width>
		<height>500</height>
		<depth>3</depth>
	</size>
	<segmented>0</segmented>
	<object>
		<name>window</name>
		<pose>Unspecified</pose>
		<truncated>0</truncated>
		<difficult>0</difficult>
		<bndbox>
			<xmin>146</xmin>
			<ymin>106</ymin>
			<xmax>320</xmax>
			<ymax>403</ymax>
		</bndbox>
	</object>
	<object>
		<name>wall</name>
		<pose>Unspecified</pose>
		<truncated>1</truncated>
		<difficult>0</difficult>
		<bndbox>
			<xmin>6</xmin>
			<ymin>29</ymin>
			<xmax>349</xmax>
			<ymax>500</ymax>
		</bndbox>
	</object>
</annotation>
