<annotation verified="yes">
	<folder>object_detection</folder>
	<filename>12Swk4DB_tw7B7uHsxHwhIWka26V299NC.jpg</filename>
	<path>/object_detection/12Swk4DB_tw7B7uHsxHwhIWka26V299NC.jpg</path>
	<source>
		<database>Unknown</database>
	</source>
	<size>
		<width>640</width>
		<height>640</height>
		<depth>3</depth>
	</size>
	<segmented>0</segmented>
	<object>
		<name>trash</name>
		<pose>Unspecified</pose>
		<truncated>0</truncated>
		<difficult>0</difficult>
		<bndbox>
			<xmin>34</xmin>
			<ymin>117</ymin>
			<xmax>616</xmax>
			<ymax>505</ymax>
		</bndbox>
	</object>
</annotation>
