<annotation verified="yes">
	<folder>object_detection</folder>
	<filename>12tsjrKUT9aGISFhHboxkoYZ2f8vp09Oh.jpg</filename>
	<path>/object_detection/12tsjrKUT9aGISFhHboxkoYZ2f8vp09Oh.jpg</path>
	<source>
		<database>Unknown</database>
	</source>
	<size>
		<width>375</width>
		<height>500</height>
		<depth>3</depth>
	</size>
	<segmented>0</segmented>
	<object>
		<name>trash</name>
		<pose>Unspecified</pose>
		<truncated>1</truncated>
		<difficult>0</difficult>
		<bndbox>
			<xmin>1</xmin>
			<ymin>1</ymin>
			<xmax>375</xmax>
			<ymax>500</ymax>
		</bndbox>
	</object>
</annotation>
