<annotation verified="yes">
	<folder>object_detection</folder>
	<filename>12U5Cv7WhmgknT6JDgtAF3n4ghcANqqcU.jpg</filename>
	<path>/object_detection/12U5Cv7WhmgknT6JDgtAF3n4ghcANqqcU.jpg</path>
	<source>
		<database>Unknown</database>
	</source>
	<size>
		<width>500</width>
		<height>333</height>
		<depth>3</depth>
	</size>
	<segmented>0</segmented>
	<object>
		<name>vegetation</name>
		<pose>Unspecified</pose>
		<truncated>1</truncated>
		<difficult>0</difficult>
		<bndbox>
			<xmin>18</xmin>
			<ymin>1</ymin>
			<xmax>500</xmax>
			<ymax>333</ymax>
		</bndbox>
	</object>
</annotation>
