<annotation verified="yes">
	<folder>object_detection</folder>
	<filename>12veBh2majHrtZl84ZoqodC3_xwsax5rM.jpg</filename>
	<path>/object_detection/12veBh2majHrtZl84ZoqodC3_xwsax5rM.jpg</path>
	<source>
		<database>Unknown</database>
	</source>
	<size>
		<width>640</width>
		<height>480</height>
		<depth>3</depth>
	</size>
	<segmented>0</segmented>
	<object>
		<name>sign</name>
		<pose>Unspecified</pose>
		<truncated>0</truncated>
		<difficult>0</difficult>
		<bndbox>
			<xmin>87</xmin>
			<ymin>209</ymin>
			<xmax>576</xmax>
			<ymax>367</ymax>
		</bndbox>
	</object>
	<object>
		<name>train</name>
		<pose>Unspecified</pose>
		<truncated>0</truncated>
		<difficult>0</difficult>
		<bndbox>
			<xmin>9</xmin>
			<ymin>43</ymin>
			<xmax>635</xmax>
			<ymax>407</ymax>
		</bndbox>
	</object>
</annotation>
