<annotation verified="yes">
	<folder>object_detection</folder>
	<filename>12vwjDZDX1vMLk-SBLc9PaBT_VILKKb1u.jpg</filename>
	<path>/object_detection/12vwjDZDX1vMLk-SBLc9PaBT_VILKKb1u.jpg</path>
	<source>
		<database>Unknown</database>
	</source>
	<size>
		<width>499</width>
		<height>333</height>
		<depth>3</depth>
	</size>
	<segmented>0</segmented>
	<object>
		<name>bookshelve</name>
		<pose>Unspecified</pose>
		<truncated>0</truncated>
		<difficult>0</difficult>
		<bndbox>
			<xmin>17</xmin>
			<ymin>69</ymin>
			<xmax>184</xmax>
			<ymax>183</ymax>
		</bndbox>
	</object>
	<object>
		<name>bookshelve</name>
		<pose>Unspecified</pose>
		<truncated>0</truncated>
		<difficult>0</difficult>
		<bndbox>
			<xmin>193</xmin>
			<ymin>131</ymin>
			<xmax>313</xmax>
			<ymax>186</ymax>
		</bndbox>
	</object>
	<object>
		<name>bookshelve</name>
		<pose>Unspecified</pose>
		<truncated>0</truncated>
		<difficult>0</difficult>
		<bndbox>
			<xmin>315</xmin>
			<ymin>66</ymin>
			<xmax>481</xmax>
			<ymax>184</ymax>
		</bndbox>
	</object>
	<object>
		<name>bookshelve</name>
		<pose>Unspecified</pose>
		<truncated>0</truncated>
		<difficult>0</difficult>
		<bndbox>
			<xmin>319</xmin>
			<ymin>193</ymin>
			<xmax>354</xmax>
			<ymax>241</ymax>
		</bndbox>
	</object>
	<object>
		<name>bookshelve</name>
		<pose>Unspecified</pose>
		<truncated>1</truncated>
		<difficult>0</difficult>
		<bndbox>
			<xmin>357</xmin>
			<ymin>200</ymin>
			<xmax>489</xmax>
			<ymax>333</ymax>
		</bndbox>
	</object>
	<object>
		<name>bookshelve</name>
		<pose>Unspecified</pose>
		<truncated>1</truncated>
		<difficult>0</difficult>
		<bndbox>
			<xmin>88</xmin>
			<ymin>280</ymin>
			<xmax>407</xmax>
			<ymax>333</ymax>
		</bndbox>
	</object>
	<object>
		<name>bookshelve</name>
		<pose>Unspecified</pose>
		<truncated>0</truncated>
		<difficult>0</difficult>
		<bndbox>
			<xmin>139</xmin>
			<ymin>245</ymin>
			<xmax>361</xmax>
			<ymax>272</ymax>
		</bndbox>
	</object>
	<object>
		<name>bookshelve</name>
		<pose>Unspecified</pose>
		<truncated>0</truncated>
		<difficult>0</difficult>
		<bndbox>
			<xmin>176</xmin>
			<ymin>223</ymin>
			<xmax>334</xmax>
			<ymax>244</ymax>
		</bndbox>
	</object>
	<object>
		<name>bookshelve</name>
		<pose>Unspecified</pose>
		<truncated>0</truncated>
		<difficult>0</difficult>
		<bndbox>
			<xmin>141</xmin>
			<ymin>190</ymin>
			<xmax>196</xmax>
			<ymax>249</ymax>
		</bndbox>
	</object>
	<object>
		<name>bookshelve</name>
		<pose>Unspecified</pose>
		<truncated>1</truncated>
		<difficult>0</difficult>
		<bndbox>
			<xmin>7</xmin>
			<ymin>199</ymin>
			<xmax>141</xmax>
			<ymax>333</ymax>
		</bndbox>
	</object>
</annotation>
