<annotation verified="yes">
	<folder>object_detection</folder>
	<filename>12vYQwgaB7vGEl9oLm1LMT6SFBHhyMynh.jpg</filename>
	<path>/object_detection/12vYQwgaB7vGEl9oLm1LMT6SFBHhyMynh.jpg</path>
	<source>
		<database>Unknown</database>
	</source>
	<size>
		<width>640</width>
		<height>800</height>
		<depth>3</depth>
	</size>
	<segmented>0</segmented>
	<object>
		<name>building</name>
		<pose>Unspecified</pose>
		<truncated>0</truncated>
		<difficult>0</difficult>
		<bndbox>
			<xmin>49</xmin>
			<ymin>200</ymin>
			<xmax>621</xmax>
			<ymax>765</ymax>
		</bndbox>
	</object>
	<object>
		<name>sky</name>
		<pose>Unspecified</pose>
		<truncated>0</truncated>
		<difficult>0</difficult>
		<bndbox>
			<xmin>7</xmin>
			<ymin>22</ymin>
			<xmax>603</xmax>
			<ymax>341</ymax>
		</bndbox>
	</object>
</annotation>
