<annotation verified="yes">
	<folder>object_detection</folder>
	<filename>12vYb534WjsSgfQ1faTR6PJbYsRxUrCPd.jpg</filename>
	<path>/object_detection/12vYb534WjsSgfQ1faTR6PJbYsRxUrCPd.jpg</path>
	<source>
		<database>Unknown</database>
	</source>
	<size>
		<width>640</width>
		<height>640</height>
		<depth>3</depth>
	</size>
	<segmented>0</segmented>
	<object>
		<name>car</name>
		<pose>Unspecified</pose>
		<truncated>0</truncated>
		<difficult>0</difficult>
		<bndbox>
			<xmin>263</xmin>
			<ymin>159</ymin>
			<xmax>366</xmax>
			<ymax>224</ymax>
		</bndbox>
	</object>
	<object>
		<name>vegetation</name>
		<pose>Unspecified</pose>
		<truncated>1</truncated>
		<difficult>0</difficult>
		<bndbox>
			<xmin>1</xmin>
			<ymin>233</ymin>
			<xmax>582</xmax>
			<ymax>640</ymax>
		</bndbox>
	</object>
	<object>
		<name>animal</name>
		<pose>Unspecified</pose>
		<truncated>0</truncated>
		<difficult>0</difficult>
		<bndbox>
			<xmin>328</xmin>
			<ymin>351</ymin>
			<xmax>428</xmax>
			<ymax>399</ymax>
		</bndbox>
	</object>
	<object>
		<name>tree</name>
		<pose>Unspecified</pose>
		<truncated>1</truncated>
		<difficult>0</difficult>
		<bndbox>
			<xmin>176</xmin>
			<ymin>1</ymin>
			<xmax>390</xmax>
			<ymax>303</ymax>
		</bndbox>
	</object>
	<object>
		<name>building</name>
		<pose>Unspecified</pose>
		<truncated>1</truncated>
		<difficult>0</difficult>
		<bndbox>
			<xmin>1</xmin>
			<ymin>1</ymin>
			<xmax>335</xmax>
			<ymax>161</ymax>
		</bndbox>
	</object>
	<object>
		<name>building</name>
		<pose>Unspecified</pose>
		<truncated>1</truncated>
		<difficult>0</difficult>
		<bndbox>
			<xmin>548</xmin>
			<ymin>1</ymin>
			<xmax>640</xmax>
			<ymax>307</ymax>
		</bndbox>
	</object>
	<object>
		<name>building</name>
		<pose>Unspecified</pose>
		<truncated>1</truncated>
		<difficult>0</difficult>
		<bndbox>
			<xmin>395</xmin>
			<ymin>1</ymin>
			<xmax>625</xmax>
			<ymax>179</ymax>
		</bndbox>
	</object>
</annotation>
