<annotation verified="yes">
	<folder>object_detection</folder>
	<filename>12W95VbcnVZQ86bIRmadIYs6sZQHLrCgL.jpg</filename>
	<path>/object_detection/12W95VbcnVZQ86bIRmadIYs6sZQHLrCgL.jpg</path>
	<source>
		<database>Unknown</database>
	</source>
	<size>
		<width>640</width>
		<height>640</height>
		<depth>3</depth>
	</size>
	<segmented>0</segmented>
	<object>
		<name>vegetation</name>
		<pose>Unspecified</pose>
		<truncated>1</truncated>
		<difficult>0</difficult>
		<bndbox>
			<xmin>17</xmin>
			<ymin>1</ymin>
			<xmax>635</xmax>
			<ymax>640</ymax>
		</bndbox>
	</object>
</annotation>
