<annotation verified="yes">
	<folder>object_detection</folder>
	<filename>12Y6XsjC6Qfdjr9GGT4vVFvsIStmUKQsx.jpg</filename>
	<path>/object_detection/12Y6XsjC6Qfdjr9GGT4vVFvsIStmUKQsx.jpg</path>
	<source>
		<database>Unknown</database>
	</source>
	<size>
		<width>640</width>
		<height>800</height>
		<depth>3</depth>
	</size>
	<segmented>0</segmented>
	<object>
		<name>tree</name>
		<pose>Unspecified</pose>
		<truncated>1</truncated>
		<difficult>0</difficult>
		<bndbox>
			<xmin>87</xmin>
			<ymin>1</ymin>
			<xmax>621</xmax>
			<ymax>744</ymax>
		</bndbox>
	</object>
	<object>
		<name>gate</name>
		<pose>Unspecified</pose>
		<truncated>1</truncated>
		<difficult>0</difficult>
		<bndbox>
			<xmin>1</xmin>
			<ymin>355</ymin>
			<xmax>336</xmax>
			<ymax>592</ymax>
		</bndbox>
	</object>
</annotation>
