<annotation verified="yes">
	<folder>object_detection</folder>
	<filename>12ZvOvaa-zPYSKQP7TaXqfqgwO6mQiExN.jpg</filename>
	<path>/object_detection/12ZvOvaa-zPYSKQP7TaXqfqgwO6mQiExN.jpg</path>
	<source>
		<database>Unknown</database>
	</source>
	<size>
		<width>640</width>
		<height>426</height>
		<depth>3</depth>
	</size>
	<segmented>0</segmented>
	<object>
		<name>graffiti</name>
		<pose>Unspecified</pose>
		<truncated>0</truncated>
		<difficult>0</difficult>
		<bndbox>
			<xmin>166</xmin>
			<ymin>79</ymin>
			<xmax>495</xmax>
			<ymax>282</ymax>
		</bndbox>
	</object>
	<object>
		<name>graffiti</name>
		<pose>Unspecified</pose>
		<truncated>1</truncated>
		<difficult>0</difficult>
		<bndbox>
			<xmin>481</xmin>
			<ymin>95</ymin>
			<xmax>640</xmax>
			<ymax>266</ymax>
		</bndbox>
	</object>
	<object>
		<name>vegetation</name>
		<pose>Unspecified</pose>
		<truncated>1</truncated>
		<difficult>0</difficult>
		<bndbox>
			<xmin>107</xmin>
			<ymin>283</ymin>
			<xmax>635</xmax>
			<ymax>426</ymax>
		</bndbox>
	</object>
</annotation>
