<annotation verified="yes">
	<folder>object_detection</folder>
	<filename>130mQ7F9ntK5sKbiHn9Hl1oniVSGVLfwe.jpg</filename>
	<path>/object_detection/130mQ7F9ntK5sKbiHn9Hl1oniVSGVLfwe.jpg</path>
	<source>
		<database>Unknown</database>
	</source>
	<size>
		<width>331</width>
		<height>499</height>
		<depth>3</depth>
	</size>
	<segmented>0</segmented>
	<object>
		<name>window</name>
		<pose>Unspecified</pose>
		<truncated>0</truncated>
		<difficult>0</difficult>
		<bndbox>
			<xmin>163</xmin>
			<ymin>115</ymin>
			<xmax>222</xmax>
			<ymax>215</ymax>
		</bndbox>
	</object>
	<object>
		<name>building</name>
		<pose>Unspecified</pose>
		<truncated>1</truncated>
		<difficult>0</difficult>
		<bndbox>
			<xmin>8</xmin>
			<ymin>4</ymin>
			<xmax>331</xmax>
			<ymax>487</ymax>
		</bndbox>
	</object>
</annotation>
