<annotation verified="yes">
	<folder>object_detection</folder>
	<filename>131jeOgS6lScpMAxqc1DHJrHhZEyJtHuv.jpg</filename>
	<path>/object_detection/131jeOgS6lScpMAxqc1DHJrHhZEyJtHuv.jpg</path>
	<source>
		<database>Unknown</database>
	</source>
	<size>
		<width>500</width>
		<height>331</height>
		<depth>3</depth>
	</size>
	<segmented>0</segmented>
	<object>
		<name>policeman</name>
		<pose>Unspecified</pose>
		<truncated>1</truncated>
		<difficult>0</difficult>
		<bndbox>
			<xmin>1</xmin>
			<ymin>127</ymin>
			<xmax>47</xmax>
			<ymax>251</ymax>
		</bndbox>
	</object>
	<object>
		<name>policeman</name>
		<pose>Unspecified</pose>
		<truncated>0</truncated>
		<difficult>0</difficult>
		<bndbox>
			<xmin>41</xmin>
			<ymin>113</ymin>
			<xmax>77</xmax>
			<ymax>213</ymax>
		</bndbox>
	</object>
	<object>
		<name>policeman</name>
		<pose>Unspecified</pose>
		<truncated>0</truncated>
		<difficult>0</difficult>
		<bndbox>
			<xmin>99</xmin>
			<ymin>88</ymin>
			<xmax>136</xmax>
			<ymax>149</ymax>
		</bndbox>
	</object>
	<object>
		<name>policeman</name>
		<pose>Unspecified</pose>
		<truncated>0</truncated>
		<difficult>0</difficult>
		<bndbox>
			<xmin>161</xmin>
			<ymin>115</ymin>
			<xmax>185</xmax>
			<ymax>185</ymax>
		</bndbox>
	</object>
	<object>
		<name>policeman</name>
		<pose>Unspecified</pose>
		<truncated>0</truncated>
		<difficult>0</difficult>
		<bndbox>
			<xmin>176</xmin>
			<ymin>124</ymin>
			<xmax>204</xmax>
			<ymax>182</ymax>
		</bndbox>
	</object>
	<object>
		<name>policeman</name>
		<pose>Unspecified</pose>
		<truncated>0</truncated>
		<difficult>0</difficult>
		<bndbox>
			<xmin>161</xmin>
			<ymin>130</ymin>
			<xmax>237</xmax>
			<ymax>282</ymax>
		</bndbox>
	</object>
	<object>
		<name>policeman</name>
		<pose>Unspecified</pose>
		<truncated>0</truncated>
		<difficult>0</difficult>
		<bndbox>
			<xmin>206</xmin>
			<ymin>142</ymin>
			<xmax>282</xmax>
			<ymax>300</ymax>
		</bndbox>
	</object>
	<object>
		<name>policeman</name>
		<pose>Unspecified</pose>
		<truncated>0</truncated>
		<difficult>0</difficult>
		<bndbox>
			<xmin>319</xmin>
			<ymin>114</ymin>
			<xmax>360</xmax>
			<ymax>176</ymax>
		</bndbox>
	</object>
	<object>
		<name>person</name>
		<pose>Unspecified</pose>
		<truncated>0</truncated>
		<difficult>0</difficult>
		<bndbox>
			<xmin>342</xmin>
			<ymin>134</ymin>
			<xmax>403</xmax>
			<ymax>217</ymax>
		</bndbox>
	</object>
	<object>
		<name>person</name>
		<pose>Unspecified</pose>
		<truncated>0</truncated>
		<difficult>0</difficult>
		<bndbox>
			<xmin>414</xmin>
			<ymin>161</ymin>
			<xmax>467</xmax>
			<ymax>303</ymax>
		</bndbox>
	</object>
	<object>
		<name>sidewalk</name>
		<pose>Unspecified</pose>
		<truncated>1</truncated>
		<difficult>0</difficult>
		<bndbox>
			<xmin>1</xmin>
			<ymin>162</ymin>
			<xmax>491</xmax>
			<ymax>331</ymax>
		</bndbox>
	</object>
	<object>
		<name>weapon</name>
		<pose>Unspecified</pose>
		<truncated>0</truncated>
		<difficult>0</difficult>
		<bndbox>
			<xmin>23</xmin>
			<ymin>139</ymin>
			<xmax>78</xmax>
			<ymax>167</ymax>
		</bndbox>
	</object>
	<object>
		<name>building</name>
		<pose>Unspecified</pose>
		<truncated>1</truncated>
		<difficult>0</difficult>
		<bndbox>
			<xmin>1</xmin>
			<ymin>1</ymin>
			<xmax>285</xmax>
			<ymax>105</ymax>
		</bndbox>
	</object>
	<object>
		<name>building</name>
		<pose>Unspecified</pose>
		<truncated>1</truncated>
		<difficult>0</difficult>
		<bndbox>
			<xmin>333</xmin>
			<ymin>1</ymin>
			<xmax>461</xmax>
			<ymax>87</ymax>
		</bndbox>
	</object>
	<object>
		<name>tree</name>
		<pose>Unspecified</pose>
		<truncated>0</truncated>
		<difficult>0</difficult>
		<bndbox>
			<xmin>201</xmin>
			<ymin>2</ymin>
			<xmax>443</xmax>
			<ymax>88</ymax>
		</bndbox>
	</object>
	<object>
		<name>tree</name>
		<pose>Unspecified</pose>
		<truncated>1</truncated>
		<difficult>0</difficult>
		<bndbox>
			<xmin>52</xmin>
			<ymin>1</ymin>
			<xmax>181</xmax>
			<ymax>102</ymax>
		</bndbox>
	</object>
	<object>
		<name>car</name>
		<pose>Unspecified</pose>
		<truncated>0</truncated>
		<difficult>0</difficult>
		<bndbox>
			<xmin>228</xmin>
			<ymin>88</ymin>
			<xmax>310</xmax>
			<ymax>114</ymax>
		</bndbox>
	</object>
	<object>
		<name>car</name>
		<pose>Unspecified</pose>
		<truncated>0</truncated>
		<difficult>0</difficult>
		<bndbox>
			<xmin>181</xmin>
			<ymin>91</ymin>
			<xmax>241</xmax>
			<ymax>117</ymax>
		</bndbox>
	</object>
	<object>
		<name>car</name>
		<pose>Unspecified</pose>
		<truncated>0</truncated>
		<difficult>0</difficult>
		<bndbox>
			<xmin>49</xmin>
			<ymin>96</ymin>
			<xmax>118</xmax>
			<ymax>131</ymax>
		</bndbox>
	</object>
	<object>
		<name>car</name>
		<pose>Unspecified</pose>
		<truncated>0</truncated>
		<difficult>0</difficult>
		<bndbox>
			<xmin>316</xmin>
			<ymin>84</ymin>
			<xmax>366</xmax>
			<ymax>106</ymax>
		</bndbox>
	</object>
	<object>
		<name>car</name>
		<pose>Unspecified</pose>
		<truncated>0</truncated>
		<difficult>0</difficult>
		<bndbox>
			<xmin>357</xmin>
			<ymin>87</ymin>
			<xmax>402</xmax>
			<ymax>109</ymax>
		</bndbox>
	</object>
</annotation>
