<annotation verified="yes">
	<folder>object_detection</folder>
	<filename>132Q9HXABe8ruyeuTfvKnwAxd6jmh1lfw.jpg</filename>
	<path>/object_detection/132Q9HXABe8ruyeuTfvKnwAxd6jmh1lfw.jpg</path>
	<source>
		<database>Unknown</database>
	</source>
	<size>
		<width>454</width>
		<height>454</height>
		<depth>3</depth>
	</size>
	<segmented>0</segmented>
	<object>
		<name>building</name>
		<pose>Unspecified</pose>
		<truncated>1</truncated>
		<difficult>0</difficult>
		<bndbox>
			<xmin>1</xmin>
			<ymin>1</ymin>
			<xmax>126</xmax>
			<ymax>104</ymax>
		</bndbox>
	</object>
	<object>
		<name>building</name>
		<pose>Unspecified</pose>
		<truncated>1</truncated>
		<difficult>0</difficult>
		<bndbox>
			<xmin>143</xmin>
			<ymin>1</ymin>
			<xmax>289</xmax>
			<ymax>102</ymax>
		</bndbox>
	</object>
	<object>
		<name>building</name>
		<pose>Unspecified</pose>
		<truncated>1</truncated>
		<difficult>0</difficult>
		<bndbox>
			<xmin>366</xmin>
			<ymin>1</ymin>
			<xmax>454</xmax>
			<ymax>108</ymax>
		</bndbox>
	</object>
	<object>
		<name>bridge</name>
		<pose>Unspecified</pose>
		<truncated>1</truncated>
		<difficult>0</difficult>
		<bndbox>
			<xmin>1</xmin>
			<ymin>100</ymin>
			<xmax>293</xmax>
			<ymax>237</ymax>
		</bndbox>
	</object>
	<object>
		<name>river</name>
		<pose>Unspecified</pose>
		<truncated>1</truncated>
		<difficult>0</difficult>
		<bndbox>
			<xmin>1</xmin>
			<ymin>232</ymin>
			<xmax>445</xmax>
			<ymax>454</ymax>
		</bndbox>
	</object>
</annotation>
