<annotation verified="yes">
	<folder>object_detection</folder>
	<filename>1343sRMYJmv5SPcjcHFXNTVkyzltTHeGU.jpg</filename>
	<path>/object_detection/1343sRMYJmv5SPcjcHFXNTVkyzltTHeGU.jpg</path>
	<source>
		<database>Unknown</database>
	</source>
	<size>
		<width>640</width>
		<height>800</height>
		<depth>3</depth>
	</size>
	<segmented>0</segmented>
	<object>
		<name>pen</name>
		<pose>Unspecified</pose>
		<truncated>0</truncated>
		<difficult>0</difficult>
		<bndbox>
			<xmin>360</xmin>
			<ymin>585</ymin>
			<xmax>424</xmax>
			<ymax>644</ymax>
		</bndbox>
	</object>
	<object>
		<name>radio</name>
		<pose>Unspecified</pose>
		<truncated>0</truncated>
		<difficult>0</difficult>
		<bndbox>
			<xmin>445</xmin>
			<ymin>464</ymin>
			<xmax>601</xmax>
			<ymax>557</ymax>
		</bndbox>
	</object>
	<object>
		<name>table</name>
		<pose>Unspecified</pose>
		<truncated>1</truncated>
		<difficult>0</difficult>
		<bndbox>
			<xmin>1</xmin>
			<ymin>569</ymin>
			<xmax>627</xmax>
			<ymax>800</ymax>
		</bndbox>
	</object>
</annotation>
