<annotation verified="yes">
	<folder>object_detection</folder>
	<filename>135mA2oT4gSOf3qcrmsFj5OE7kL406F4T.jpg</filename>
	<path>/object_detection/135mA2oT4gSOf3qcrmsFj5OE7kL406F4T.jpg</path>
	<source>
		<database>Unknown</database>
	</source>
	<size>
		<width>500</width>
		<height>375</height>
		<depth>3</depth>
	</size>
	<segmented>0</segmented>
	<object>
		<name>person</name>
		<pose>Unspecified</pose>
		<truncated>0</truncated>
		<difficult>0</difficult>
		<bndbox>
			<xmin>83</xmin>
			<ymin>31</ymin>
			<xmax>226</xmax>
			<ymax>371</ymax>
		</bndbox>
	</object>
	<object>
		<name>camera</name>
		<pose>Unspecified</pose>
		<truncated>0</truncated>
		<difficult>0</difficult>
		<bndbox>
			<xmin>90</xmin>
			<ymin>37</ymin>
			<xmax>205</xmax>
			<ymax>146</ymax>
		</bndbox>
	</object>
	<object>
		<name>firefighter</name>
		<pose>Unspecified</pose>
		<truncated>0</truncated>
		<difficult>0</difficult>
		<bndbox>
			<xmin>293</xmin>
			<ymin>83</ymin>
			<xmax>367</xmax>
			<ymax>259</ymax>
		</bndbox>
	</object>
	<object>
		<name>vegetation</name>
		<pose>Unspecified</pose>
		<truncated>1</truncated>
		<difficult>0</difficult>
		<bndbox>
			<xmin>368</xmin>
			<ymin>51</ymin>
			<xmax>500</xmax>
			<ymax>283</ymax>
		</bndbox>
	</object>
</annotation>
