<annotation verified="yes">
	<folder>object_detection</folder>
	<filename>136vAlmIuLJUkxQoa1FCFjfm80gSm0yal.jpg</filename>
	<path>/object_detection/136vAlmIuLJUkxQoa1FCFjfm80gSm0yal.jpg</path>
	<source>
		<database>Unknown</database>
	</source>
	<size>
		<width>500</width>
		<height>332</height>
		<depth>3</depth>
	</size>
	<segmented>0</segmented>
	<object>
		<name>animal</name>
		<pose>Unspecified</pose>
		<truncated>0</truncated>
		<difficult>0</difficult>
		<bndbox>
			<xmin>170</xmin>
			<ymin>176</ymin>
			<xmax>249</xmax>
			<ymax>325</ymax>
		</bndbox>
	</object>
	<object>
		<name>soldier</name>
		<pose>Unspecified</pose>
		<truncated>0</truncated>
		<difficult>0</difficult>
		<bndbox>
			<xmin>62</xmin>
			<ymin>27</ymin>
			<xmax>164</xmax>
			<ymax>264</ymax>
		</bndbox>
	</object>
</annotation>
