<annotation verified="yes">
	<folder>object_detection</folder>
	<filename>1373ws9rc8ORdPFfFDso-p8fjl7FaKHRl.jpg</filename>
	<path>/object_detection/1373ws9rc8ORdPFfFDso-p8fjl7FaKHRl.jpg</path>
	<source>
		<database>Unknown</database>
	</source>
	<size>
		<width>500</width>
		<height>333</height>
		<depth>3</depth>
	</size>
	<segmented>0</segmented>
	<object>
		<name>building</name>
		<pose>Unspecified</pose>
		<truncated>1</truncated>
		<difficult>0</difficult>
		<bndbox>
			<xmin>1</xmin>
			<ymin>29</ymin>
			<xmax>495</xmax>
			<ymax>329</ymax>
		</bndbox>
	</object>
	<object>
		<name>sky</name>
		<pose>Unspecified</pose>
		<truncated>1</truncated>
		<difficult>0</difficult>
		<bndbox>
			<xmin>1</xmin>
			<ymin>1</ymin>
			<xmax>493</xmax>
			<ymax>152</ymax>
		</bndbox>
	</object>
</annotation>
