<annotation verified="yes">
	<folder>object_detection</folder>
	<filename>137dVbj1cA6uXIOmZqdiFUV5zo7m6ahCz.jpg</filename>
	<path>/object_detection/137dVbj1cA6uXIOmZqdiFUV5zo7m6ahCz.jpg</path>
	<source>
		<database>Unknown</database>
	</source>
	<size>
		<width>499</width>
		<height>333</height>
		<depth>3</depth>
	</size>
	<segmented>0</segmented>
	<object>
		<name>person</name>
		<pose>Unspecified</pose>
		<truncated>1</truncated>
		<difficult>0</difficult>
		<bndbox>
			<xmin>150</xmin>
			<ymin>5</ymin>
			<xmax>415</xmax>
			<ymax>333</ymax>
		</bndbox>
	</object>
	<object>
		<name>person</name>
		<pose>Unspecified</pose>
		<truncated>0</truncated>
		<difficult>0</difficult>
		<bndbox>
			<xmin>137</xmin>
			<ymin>24</ymin>
			<xmax>240</xmax>
			<ymax>177</ymax>
		</bndbox>
	</object>
	<object>
		<name>person</name>
		<pose>Unspecified</pose>
		<truncated>1</truncated>
		<difficult>0</difficult>
		<bndbox>
			<xmin>444</xmin>
			<ymin>92</ymin>
			<xmax>499</xmax>
			<ymax>281</ymax>
		</bndbox>
	</object>
	<object>
		<name>megaphone</name>
		<pose>Unspecified</pose>
		<truncated>0</truncated>
		<difficult>0</difficult>
		<bndbox>
			<xmin>17</xmin>
			<ymin>152</ymin>
			<xmax>263</xmax>
			<ymax>315</ymax>
		</bndbox>
	</object>
</annotation>
