<annotation verified="yes">
	<folder>object_detection</folder>
	<filename>139V9tMj2Oy0sjX7ipn7PXEkCHuT-7qIV.jpg</filename>
	<path>/object_detection/139V9tMj2Oy0sjX7ipn7PXEkCHuT-7qIV.jpg</path>
	<source>
		<database>Unknown</database>
	</source>
	<size>
		<width>640</width>
		<height>640</height>
		<depth>3</depth>
	</size>
	<segmented>0</segmented>
	<object>
		<name>animal</name>
		<pose>Unspecified</pose>
		<truncated>0</truncated>
		<difficult>0</difficult>
		<bndbox>
			<xmin>233</xmin>
			<ymin>195</ymin>
			<xmax>391</xmax>
			<ymax>468</ymax>
		</bndbox>
	</object>
	<object>
		<name>vegetation</name>
		<pose>Unspecified</pose>
		<truncated>1</truncated>
		<difficult>0</difficult>
		<bndbox>
			<xmin>3</xmin>
			<ymin>1</ymin>
			<xmax>640</xmax>
			<ymax>631</ymax>
		</bndbox>
	</object>
</annotation>
