<annotation verified="yes">
	<folder>object_detection</folder>
	<filename>13EhfYwbEU9Aax7kCUALKEfJSvhbeEx6Z.jpg</filename>
	<path>/object_detection/13EhfYwbEU9Aax7kCUALKEfJSvhbeEx6Z.jpg</path>
	<source>
		<database>Unknown</database>
	</source>
	<size>
		<width>640</width>
		<height>800</height>
		<depth>3</depth>
	</size>
	<segmented>0</segmented>
	<object>
		<name>animal</name>
		<pose>Unspecified</pose>
		<truncated>0</truncated>
		<difficult>0</difficult>
		<bndbox>
			<xmin>276</xmin>
			<ymin>347</ymin>
			<xmax>381</xmax>
			<ymax>496</ymax>
		</bndbox>
	</object>
	<object>
		<name>tree</name>
		<pose>Unspecified</pose>
		<truncated>1</truncated>
		<difficult>0</difficult>
		<bndbox>
			<xmin>177</xmin>
			<ymin>1</ymin>
			<xmax>404</xmax>
			<ymax>376</ymax>
		</bndbox>
	</object>
	<object>
		<name>grass</name>
		<pose>Unspecified</pose>
		<truncated>1</truncated>
		<difficult>0</difficult>
		<bndbox>
			<xmin>25</xmin>
			<ymin>160</ymin>
			<xmax>640</xmax>
			<ymax>798</ymax>
		</bndbox>
	</object>
</annotation>
