<annotation verified="yes">
	<folder>object_detection</folder>
	<filename>13GRBp28Oq2EETtgJpACJHUV7fP7ctCp3.jpg</filename>
	<path>/object_detection/13GRBp28Oq2EETtgJpACJHUV7fP7ctCp3.jpg</path>
	<source>
		<database>Unknown</database>
	</source>
	<size>
		<width>640</width>
		<height>426</height>
		<depth>1</depth>
	</size>
	<segmented>0</segmented>
	<object>
		<name>sea</name>
		<pose>Unspecified</pose>
		<truncated>1</truncated>
		<difficult>0</difficult>
		<bndbox>
			<xmin>2</xmin>
			<ymin>191</ymin>
			<xmax>640</xmax>
			<ymax>426</ymax>
		</bndbox>
	</object>
	<object>
		<name>sky</name>
		<pose>Unspecified</pose>
		<truncated>1</truncated>
		<difficult>0</difficult>
		<bndbox>
			<xmin>1</xmin>
			<ymin>1</ymin>
			<xmax>625</xmax>
			<ymax>191</ymax>
		</bndbox>
	</object>
</annotation>
