<annotation verified="yes">
	<folder>object_detection</folder>
	<filename>13iH7Jq-5KYmOIoUzFzP45jx91HSyvGN_.jpg</filename>
	<path>/object_detection/13iH7Jq-5KYmOIoUzFzP45jx91HSyvGN_.jpg</path>
	<source>
		<database>Unknown</database>
	</source>
	<size>
		<width>640</width>
		<height>800</height>
		<depth>3</depth>
	</size>
	<segmented>0</segmented>
	<object>
		<name>building</name>
		<pose>Unspecified</pose>
		<truncated>1</truncated>
		<difficult>0</difficult>
		<bndbox>
			<xmin>13</xmin>
			<ymin>124</ymin>
			<xmax>640</xmax>
			<ymax>800</ymax>
		</bndbox>
	</object>
	<object>
		<name>building</name>
		<pose>Unspecified</pose>
		<truncated>1</truncated>
		<difficult>0</difficult>
		<bndbox>
			<xmin>175</xmin>
			<ymin>1</ymin>
			<xmax>637</xmax>
			<ymax>277</ymax>
		</bndbox>
	</object>
	<object>
		<name>door</name>
		<pose>Unspecified</pose>
		<truncated>0</truncated>
		<difficult>0</difficult>
		<bndbox>
			<xmin>210</xmin>
			<ymin>654</ymin>
			<xmax>337</xmax>
			<ymax>777</ymax>
		</bndbox>
	</object>
</annotation>
