<annotation verified="yes">
	<folder>object_detection</folder>
	<filename>13j-BU54eHGzOnooboCNL7kNvqmqndAsW.jpg</filename>
	<path>/object_detection/13j-BU54eHGzOnooboCNL7kNvqmqndAsW.jpg</path>
	<source>
		<database>Unknown</database>
	</source>
	<size>
		<width>332</width>
		<height>499</height>
		<depth>3</depth>
	</size>
	<segmented>0</segmented>
	<object>
		<name>building</name>
		<pose>Unspecified</pose>
		<truncated>0</truncated>
		<difficult>0</difficult>
		<bndbox>
			<xmin>18</xmin>
			<ymin>16</ymin>
			<xmax>328</xmax>
			<ymax>464</ymax>
		</bndbox>
	</object>
</annotation>
