<annotation verified="yes">
	<folder>object_detection</folder>
	<filename>13J8ziNZPDL8g1VMaCWm-McdKvYvbuHml.jpg</filename>
	<path>/object_detection/13J8ziNZPDL8g1VMaCWm-McdKvYvbuHml.jpg</path>
	<source>
		<database>Unknown</database>
	</source>
	<size>
		<width>500</width>
		<height>332</height>
		<depth>3</depth>
	</size>
	<segmented>0</segmented>
	<object>
		<name>soldier</name>
		<pose>Unspecified</pose>
		<truncated>0</truncated>
		<difficult>0</difficult>
		<bndbox>
			<xmin>140</xmin>
			<ymin>26</ymin>
			<xmax>382</xmax>
			<ymax>327</ymax>
		</bndbox>
	</object>
	<object>
		<name>tank</name>
		<pose>Unspecified</pose>
		<truncated>1</truncated>
		<difficult>0</difficult>
		<bndbox>
			<xmin>1</xmin>
			<ymin>44</ymin>
			<xmax>164</xmax>
			<ymax>246</ymax>
		</bndbox>
	</object>
</annotation>
