<annotation verified="yes">
	<folder>object_detection</folder>
	<filename>13KVy9PfaXgnVnZ7nnbzSTgBAHoxLk3vA.jpg</filename>
	<path>/object_detection/13KVy9PfaXgnVnZ7nnbzSTgBAHoxLk3vA.jpg</path>
	<source>
		<database>Unknown</database>
	</source>
	<size>
		<width>331</width>
		<height>500</height>
		<depth>3</depth>
	</size>
	<segmented>0</segmented>
	<object>
		<name>policeman</name>
		<pose>Unspecified</pose>
		<truncated>0</truncated>
		<difficult>0</difficult>
		<bndbox>
			<xmin>91</xmin>
			<ymin>59</ymin>
			<xmax>240</xmax>
			<ymax>429</ymax>
		</bndbox>
	</object>
	<object>
		<name>policeman</name>
		<pose>Unspecified</pose>
		<truncated>0</truncated>
		<difficult>0</difficult>
		<bndbox>
			<xmin>66</xmin>
			<ymin>116</ymin>
			<xmax>113</xmax>
			<ymax>283</ymax>
		</bndbox>
	</object>
	<object>
		<name>tree</name>
		<pose>Unspecified</pose>
		<truncated>1</truncated>
		<difficult>0</difficult>
		<bndbox>
			<xmin>187</xmin>
			<ymin>1</ymin>
			<xmax>327</xmax>
			<ymax>248</ymax>
		</bndbox>
	</object>
</annotation>
