<annotation verified="yes">
	<folder>object_detection</folder>
	<filename>13lSFcTBkX0tDPhBBPlyRjeUQI2gDE4jv.jpg</filename>
	<path>/object_detection/13lSFcTBkX0tDPhBBPlyRjeUQI2gDE4jv.jpg</path>
	<source>
		<database>Unknown</database>
	</source>
	<size>
		<width>500</width>
		<height>333</height>
		<depth>3</depth>
	</size>
	<segmented>0</segmented>
	<object>
		<name>person</name>
		<pose>Unspecified</pose>
		<truncated>0</truncated>
		<difficult>0</difficult>
		<bndbox>
			<xmin>136</xmin>
			<ymin>176</ymin>
			<xmax>170</xmax>
			<ymax>265</ymax>
		</bndbox>
	</object>
	<object>
		<name>sign</name>
		<pose>Unspecified</pose>
		<truncated>0</truncated>
		<difficult>0</difficult>
		<bndbox>
			<xmin>247</xmin>
			<ymin>92</ymin>
			<xmax>340</xmax>
			<ymax>276</ymax>
		</bndbox>
	</object>
	<object>
		<name>building</name>
		<pose>Unspecified</pose>
		<truncated>0</truncated>
		<difficult>0</difficult>
		<bndbox>
			<xmin>136</xmin>
			<ymin>88</ymin>
			<xmax>228</xmax>
			<ymax>227</ymax>
		</bndbox>
	</object>
</annotation>
