<annotation verified="yes">
	<folder>object_detection</folder>
	<filename>13Lt5APLVf5r5oZQC53jLtp3pvWJZ4FJ4.jpg</filename>
	<path>/object_detection/13Lt5APLVf5r5oZQC53jLtp3pvWJZ4FJ4.jpg</path>
	<source>
		<database>Unknown</database>
	</source>
	<size>
		<width>640</width>
		<height>426</height>
		<depth>3</depth>
	</size>
	<segmented>0</segmented>
	<object>
		<name>building</name>
		<pose>Unspecified</pose>
		<truncated>1</truncated>
		<difficult>0</difficult>
		<bndbox>
			<xmin>164</xmin>
			<ymin>20</ymin>
			<xmax>640</xmax>
			<ymax>373</ymax>
		</bndbox>
	</object>
	<object>
		<name>vegetation</name>
		<pose>Unspecified</pose>
		<truncated>1</truncated>
		<difficult>0</difficult>
		<bndbox>
			<xmin>1</xmin>
			<ymin>35</ymin>
			<xmax>170</xmax>
			<ymax>426</ymax>
		</bndbox>
	</object>
</annotation>
