<annotation verified="yes">
	<folder>object_detection</folder>
	<filename>13N6xWlXCAKJXTb8rxUD7E2MY-kAf5Zp_.jpg</filename>
	<path>/object_detection/13N6xWlXCAKJXTb8rxUD7E2MY-kAf5Zp_.jpg</path>
	<source>
		<database>Unknown</database>
	</source>
	<size>
		<width>900</width>
		<height>1200</height>
		<depth>3</depth>
	</size>
	<segmented>0</segmented>
	<object>
		<name>trash</name>
		<pose>Unspecified</pose>
		<truncated>0</truncated>
		<difficult>0</difficult>
		<bndbox>
			<xmin>133</xmin>
			<ymin>425</ymin>
			<xmax>735</xmax>
			<ymax>803</ymax>
		</bndbox>
	</object>
	<object>
		<name>tree</name>
		<pose>Unspecified</pose>
		<truncated>0</truncated>
		<difficult>0</difficult>
		<bndbox>
			<xmin>80</xmin>
			<ymin>12</ymin>
			<xmax>535</xmax>
			<ymax>540</ymax>
		</bndbox>
	</object>
	<object>
		<name>crosswalk</name>
		<pose>Unspecified</pose>
		<truncated>1</truncated>
		<difficult>0</difficult>
		<bndbox>
			<xmin>117</xmin>
			<ymin>877</ymin>
			<xmax>900</xmax>
			<ymax>1200</ymax>
		</bndbox>
	</object>
	<object>
		<name>building</name>
		<pose>Unspecified</pose>
		<truncated>1</truncated>
		<difficult>0</difficult>
		<bndbox>
			<xmin>513</xmin>
			<ymin>1</ymin>
			<xmax>900</xmax>
			<ymax>431</ymax>
		</bndbox>
	</object>
</annotation>
