<annotation verified="yes">
	<folder>object_detection</folder>
	<filename>13oSmcIRSmPBWJLFiwiBcpd6-_NbWwz06.jpg</filename>
	<path>/object_detection/13oSmcIRSmPBWJLFiwiBcpd6-_NbWwz06.jpg</path>
	<source>
		<database>Unknown</database>
	</source>
	<size>
		<width>640</width>
		<height>640</height>
		<depth>3</depth>
	</size>
	<segmented>0</segmented>
	<object>
		<name>trash</name>
		<pose>Unspecified</pose>
		<truncated>0</truncated>
		<difficult>0</difficult>
		<bndbox>
			<xmin>18</xmin>
			<ymin>292</ymin>
			<xmax>325</xmax>
			<ymax>507</ymax>
		</bndbox>
	</object>
	<object>
		<name>vegetation</name>
		<pose>Unspecified</pose>
		<truncated>1</truncated>
		<difficult>0</difficult>
		<bndbox>
			<xmin>11</xmin>
			<ymin>10</ymin>
			<xmax>640</xmax>
			<ymax>640</ymax>
		</bndbox>
	</object>
</annotation>
