<annotation verified="yes">
	<folder>object_detection</folder>
	<filename>13P0FK_L2W58VHFH-wq2q25epRPfK6Ogh.jpg</filename>
	<path>/object_detection/13P0FK_L2W58VHFH-wq2q25epRPfK6Ogh.jpg</path>
	<source>
		<database>Unknown</database>
	</source>
	<size>
		<width>499</width>
		<height>333</height>
		<depth>3</depth>
	</size>
	<segmented>0</segmented>
	<object>
		<name>vegetation</name>
		<pose>Unspecified</pose>
		<truncated>1</truncated>
		<difficult>0</difficult>
		<bndbox>
			<xmin>1</xmin>
			<ymin>1</ymin>
			<xmax>482</xmax>
			<ymax>323</ymax>
		</bndbox>
	</object>
</annotation>
