<annotation verified="yes">
	<folder>object_detection</folder>
	<filename>13pi8aO4ioNxMpxev5vRGC-JVj-dJqZVS.jpg</filename>
	<path>/object_detection/13pi8aO4ioNxMpxev5vRGC-JVj-dJqZVS.jpg</path>
	<source>
		<database>Unknown</database>
	</source>
	<size>
		<width>329</width>
		<height>500</height>
		<depth>3</depth>
	</size>
	<segmented>0</segmented>
	<object>
		<name>sign</name>
		<pose>Unspecified</pose>
		<truncated>0</truncated>
		<difficult>0</difficult>
		<bndbox>
			<xmin>97</xmin>
			<ymin>27</ymin>
			<xmax>179</xmax>
			<ymax>177</ymax>
		</bndbox>
	</object>
	<object>
		<name>street</name>
		<pose>Unspecified</pose>
		<truncated>1</truncated>
		<difficult>0</difficult>
		<bndbox>
			<xmin>1</xmin>
			<ymin>196</ymin>
			<xmax>327</xmax>
			<ymax>269</ymax>
		</bndbox>
	</object>
	<object>
		<name>vegetation</name>
		<pose>Unspecified</pose>
		<truncated>1</truncated>
		<difficult>0</difficult>
		<bndbox>
			<xmin>11</xmin>
			<ymin>278</ymin>
			<xmax>329</xmax>
			<ymax>500</ymax>
		</bndbox>
	</object>
	<object>
		<name>sky</name>
		<pose>Unspecified</pose>
		<truncated>1</truncated>
		<difficult>0</difficult>
		<bndbox>
			<xmin>1</xmin>
			<ymin>1</ymin>
			<xmax>308</xmax>
			<ymax>181</ymax>
		</bndbox>
	</object>
</annotation>
