<annotation verified="yes">
	<folder>object_detection</folder>
	<filename>13pKA8U_WJq77lmP8O1I9RkCh_lRFMq6d.jpg</filename>
	<path>/object_detection/13pKA8U_WJq77lmP8O1I9RkCh_lRFMq6d.jpg</path>
	<source>
		<database>Unknown</database>
	</source>
	<size>
		<width>640</width>
		<height>800</height>
		<depth>3</depth>
	</size>
	<segmented>0</segmented>
	<object>
		<name>building</name>
		<pose>Unspecified</pose>
		<truncated>1</truncated>
		<difficult>0</difficult>
		<bndbox>
			<xmin>45</xmin>
			<ymin>1</ymin>
			<xmax>614</xmax>
			<ymax>678</ymax>
		</bndbox>
	</object>
	<object>
		<name>sign</name>
		<pose>Unspecified</pose>
		<truncated>0</truncated>
		<difficult>0</difficult>
		<bndbox>
			<xmin>506</xmin>
			<ymin>64</ymin>
			<xmax>580</xmax>
			<ymax>270</ymax>
		</bndbox>
	</object>
</annotation>
