<annotation verified="yes">
	<folder>object_detection</folder>
	<filename>13qGeoJA-tc4viIUr0WUXsgoSUoCI-XR2.jpg</filename>
	<path>/object_detection/13qGeoJA-tc4viIUr0WUXsgoSUoCI-XR2.jpg</path>
	<source>
		<database>Unknown</database>
	</source>
	<size>
		<width>640</width>
		<height>640</height>
		<depth>1</depth>
	</size>
	<segmented>0</segmented>
	<object>
		<name>building</name>
		<pose>Unspecified</pose>
		<truncated>0</truncated>
		<difficult>0</difficult>
		<bndbox>
			<xmin>9</xmin>
			<ymin>97</ymin>
			<xmax>573</xmax>
			<ymax>349</ymax>
		</bndbox>
	</object>
	<object>
		<name>debris</name>
		<pose>Unspecified</pose>
		<truncated>1</truncated>
		<difficult>0</difficult>
		<bndbox>
			<xmin>1</xmin>
			<ymin>369</ymin>
			<xmax>602</xmax>
			<ymax>640</ymax>
		</bndbox>
	</object>
	<object>
		<name>building</name>
		<pose>Unspecified</pose>
		<truncated>0</truncated>
		<difficult>0</difficult>
		<bndbox>
			<xmin>17</xmin>
			<ymin>14</ymin>
			<xmax>140</xmax>
			<ymax>105</ymax>
		</bndbox>
	</object>
	<object>
		<name>sky</name>
		<pose>Unspecified</pose>
		<truncated>1</truncated>
		<difficult>0</difficult>
		<bndbox>
			<xmin>142</xmin>
			<ymin>5</ymin>
			<xmax>640</xmax>
			<ymax>246</ymax>
		</bndbox>
	</object>
</annotation>
