<annotation verified="yes">
	<folder>object_detection</folder>
	<filename>13RA_Mr0OLN7pOGkdOOQYakTi8jEalno5.jpg</filename>
	<path>/object_detection/13RA_Mr0OLN7pOGkdOOQYakTi8jEalno5.jpg</path>
	<source>
		<database>Unknown</database>
	</source>
	<size>
		<width>500</width>
		<height>375</height>
		<depth>3</depth>
	</size>
	<segmented>0</segmented>
	<object>
		<name>policeman</name>
		<pose>Unspecified</pose>
		<truncated>0</truncated>
		<difficult>0</difficult>
		<bndbox>
			<xmin>120</xmin>
			<ymin>165</ymin>
			<xmax>179</xmax>
			<ymax>308</ymax>
		</bndbox>
	</object>
	<object>
		<name>policeman</name>
		<pose>Unspecified</pose>
		<truncated>0</truncated>
		<difficult>0</difficult>
		<bndbox>
			<xmin>43</xmin>
			<ymin>194</ymin>
			<xmax>83</xmax>
			<ymax>281</ymax>
		</bndbox>
	</object>
	<object>
		<name>policeman</name>
		<pose>Unspecified</pose>
		<truncated>0</truncated>
		<difficult>0</difficult>
		<bndbox>
			<xmin>86</xmin>
			<ymin>185</ymin>
			<xmax>129</xmax>
			<ymax>265</ymax>
		</bndbox>
	</object>
	<object>
		<name>policeman</name>
		<pose>Unspecified</pose>
		<truncated>0</truncated>
		<difficult>0</difficult>
		<bndbox>
			<xmin>285</xmin>
			<ymin>138</ymin>
			<xmax>321</xmax>
			<ymax>222</ymax>
		</bndbox>
	</object>
	<object>
		<name>policeman</name>
		<pose>Unspecified</pose>
		<truncated>0</truncated>
		<difficult>0</difficult>
		<bndbox>
			<xmin>415</xmin>
			<ymin>113</ymin>
			<xmax>440</xmax>
			<ymax>179</ymax>
		</bndbox>
	</object>
	<object>
		<name>policeman</name>
		<pose>Unspecified</pose>
		<truncated>0</truncated>
		<difficult>0</difficult>
		<bndbox>
			<xmin>371</xmin>
			<ymin>93</ymin>
			<xmax>390</xmax>
			<ymax>147</ymax>
		</bndbox>
	</object>
	<object>
		<name>policeman</name>
		<pose>Unspecified</pose>
		<truncated>0</truncated>
		<difficult>0</difficult>
		<bndbox>
			<xmin>440</xmin>
			<ymin>124</ymin>
			<xmax>469</xmax>
			<ymax>181</ymax>
		</bndbox>
	</object>
	<object>
		<name>dumpster</name>
		<pose>Unspecified</pose>
		<truncated>0</truncated>
		<difficult>0</difficult>
		<bndbox>
			<xmin>274</xmin>
			<ymin>90</ymin>
			<xmax>336</xmax>
			<ymax>144</ymax>
		</bndbox>
	</object>
	<object>
		<name>trash can</name>
		<pose>Unspecified</pose>
		<truncated>0</truncated>
		<difficult>0</difficult>
		<bndbox>
			<xmin>344</xmin>
			<ymin>90</ymin>
			<xmax>371</xmax>
			<ymax>120</ymax>
		</bndbox>
	</object>
	<object>
		<name>police car</name>
		<pose>Unspecified</pose>
		<truncated>0</truncated>
		<difficult>0</difficult>
		<bndbox>
			<xmin>115</xmin>
			<ymin>116</ymin>
			<xmax>208</xmax>
			<ymax>191</ymax>
		</bndbox>
	</object>
	<object>
		<name>person</name>
		<pose>Unspecified</pose>
		<truncated>0</truncated>
		<difficult>0</difficult>
		<bndbox>
			<xmin>76</xmin>
			<ymin>249</ymin>
			<xmax>125</xmax>
			<ymax>295</ymax>
		</bndbox>
	</object>
</annotation>
