<annotation verified="yes">
	<folder>object_detection</folder>
	<filename>13rljxGdgMVqhS9Shw-QJdvAsrUtw6uG3.jpg</filename>
	<path>/object_detection/13rljxGdgMVqhS9Shw-QJdvAsrUtw6uG3.jpg</path>
	<source>
		<database>Unknown</database>
	</source>
	<size>
		<width>640</width>
		<height>479</height>
		<depth>3</depth>
	</size>
	<segmented>0</segmented>
	<object>
		<name>bicicle</name>
		<pose>Unspecified</pose>
		<truncated>0</truncated>
		<difficult>0</difficult>
		<bndbox>
			<xmin>263</xmin>
			<ymin>265</ymin>
			<xmax>558</xmax>
			<ymax>458</ymax>
		</bndbox>
	</object>
	<object>
		<name>tree</name>
		<pose>Unspecified</pose>
		<truncated>1</truncated>
		<difficult>0</difficult>
		<bndbox>
			<xmin>1</xmin>
			<ymin>3</ymin>
			<xmax>307</xmax>
			<ymax>479</ymax>
		</bndbox>
	</object>
	<object>
		<name>door</name>
		<pose>Unspecified</pose>
		<truncated>0</truncated>
		<difficult>0</difficult>
		<bndbox>
			<xmin>353</xmin>
			<ymin>143</ymin>
			<xmax>557</xmax>
			<ymax>433</ymax>
		</bndbox>
	</object>
</annotation>
