<annotation verified="yes">
	<folder>object_detection</folder>
	<filename>13TApcglbcFoQXDEGLuA0EdD0Jiv4Bck5.jpg</filename>
	<path>/object_detection/13TApcglbcFoQXDEGLuA0EdD0Jiv4Bck5.jpg</path>
	<source>
		<database>Unknown</database>
	</source>
	<size>
		<width>500</width>
		<height>333</height>
		<depth>3</depth>
	</size>
	<segmented>0</segmented>
	<object>
		<name>policeman</name>
		<pose>Unspecified</pose>
		<truncated>1</truncated>
		<difficult>0</difficult>
		<bndbox>
			<xmin>28</xmin>
			<ymin>132</ymin>
			<xmax>126</xmax>
			<ymax>333</ymax>
		</bndbox>
	</object>
	<object>
		<name>policeman</name>
		<pose>Unspecified</pose>
		<truncated>1</truncated>
		<difficult>0</difficult>
		<bndbox>
			<xmin>204</xmin>
			<ymin>124</ymin>
			<xmax>317</xmax>
			<ymax>333</ymax>
		</bndbox>
	</object>
	<object>
		<name>policeman</name>
		<pose>Unspecified</pose>
		<truncated>1</truncated>
		<difficult>0</difficult>
		<bndbox>
			<xmin>160</xmin>
			<ymin>145</ymin>
			<xmax>217</xmax>
			<ymax>333</ymax>
		</bndbox>
	</object>
	<object>
		<name>policeman</name>
		<pose>Unspecified</pose>
		<truncated>1</truncated>
		<difficult>0</difficult>
		<bndbox>
			<xmin>351</xmin>
			<ymin>183</ymin>
			<xmax>500</xmax>
			<ymax>333</ymax>
		</bndbox>
	</object>
	<object>
		<name>policeman</name>
		<pose>Unspecified</pose>
		<truncated>0</truncated>
		<difficult>0</difficult>
		<bndbox>
			<xmin>345</xmin>
			<ymin>120</ymin>
			<xmax>409</xmax>
			<ymax>270</ymax>
		</bndbox>
	</object>
	<object>
		<name>policeman</name>
		<pose>Unspecified</pose>
		<truncated>0</truncated>
		<difficult>0</difficult>
		<bndbox>
			<xmin>269</xmin>
			<ymin>106</ymin>
			<xmax>326</xmax>
			<ymax>222</ymax>
		</bndbox>
	</object>
	<object>
		<name>policeman</name>
		<pose>Unspecified</pose>
		<truncated>0</truncated>
		<difficult>0</difficult>
		<bndbox>
			<xmin>131</xmin>
			<ymin>135</ymin>
			<xmax>174</xmax>
			<ymax>241</ymax>
		</bndbox>
	</object>
	<object>
		<name>policeman</name>
		<pose>Unspecified</pose>
		<truncated>0</truncated>
		<difficult>0</difficult>
		<bndbox>
			<xmin>418</xmin>
			<ymin>113</ymin>
			<xmax>472</xmax>
			<ymax>186</ymax>
		</bndbox>
	</object>
</annotation>
