<annotation verified="yes">
	<folder>object_detection</folder>
	<filename>13tdbxFl4E_IpHOEsOTxz12f4t1DDTO4d.jpg</filename>
	<path>/object_detection/13tdbxFl4E_IpHOEsOTxz12f4t1DDTO4d.jpg</path>
	<source>
		<database>Unknown</database>
	</source>
	<size>
		<width>500</width>
		<height>500</height>
		<depth>1</depth>
	</size>
	<segmented>0</segmented>
	<object>
		<name>wall</name>
		<pose>Unspecified</pose>
		<truncated>1</truncated>
		<difficult>0</difficult>
		<bndbox>
			<xmin>1</xmin>
			<ymin>1</ymin>
			<xmax>494</xmax>
			<ymax>406</ymax>
		</bndbox>
	</object>
</annotation>
