<annotation verified="yes">
	<folder>object_detection</folder>
	<filename>13TVC7KNS1HCtQKHjSv8MT0otHiLqheem.jpg</filename>
	<path>/object_detection/13TVC7KNS1HCtQKHjSv8MT0otHiLqheem.jpg</path>
	<source>
		<database>Unknown</database>
	</source>
	<size>
		<width>499</width>
		<height>333</height>
		<depth>3</depth>
	</size>
	<segmented>0</segmented>
	<object>
		<name>graffiti</name>
		<pose>Unspecified</pose>
		<truncated>0</truncated>
		<difficult>0</difficult>
		<bndbox>
			<xmin>236</xmin>
			<ymin>57</ymin>
			<xmax>483</xmax>
			<ymax>183</ymax>
		</bndbox>
	</object>
	<object>
		<name>trash</name>
		<pose>Unspecified</pose>
		<truncated>0</truncated>
		<difficult>0</difficult>
		<bndbox>
			<xmin>46</xmin>
			<ymin>182</ymin>
			<xmax>369</xmax>
			<ymax>283</ymax>
		</bndbox>
	</object>
	<object>
		<name>wall</name>
		<pose>Unspecified</pose>
		<truncated>0</truncated>
		<difficult>0</difficult>
		<bndbox>
			<xmin>48</xmin>
			<ymin>11</ymin>
			<xmax>192</xmax>
			<ymax>222</ymax>
		</bndbox>
	</object>
	<object>
		<name>wall</name>
		<pose>Unspecified</pose>
		<truncated>0</truncated>
		<difficult>0</difficult>
		<bndbox>
			<xmin>205</xmin>
			<ymin>5</ymin>
			<xmax>475</xmax>
			<ymax>238</ymax>
		</bndbox>
	</object>
</annotation>
