<annotation verified="yes">
	<folder>object_detection</folder>
	<filename>13VM7qSlFlhEJcAYwKOV4M6ZVg0UIlHLU.jpg</filename>
	<path>/object_detection/13VM7qSlFlhEJcAYwKOV4M6ZVg0UIlHLU.jpg</path>
	<source>
		<database>Unknown</database>
	</source>
	<size>
		<width>454</width>
		<height>454</height>
		<depth>3</depth>
	</size>
	<segmented>0</segmented>
	<object>
		<name>building</name>
		<pose>Unspecified</pose>
		<truncated>0</truncated>
		<difficult>0</difficult>
		<bndbox>
			<xmin>14</xmin>
			<ymin>120</ymin>
			<xmax>71</xmax>
			<ymax>283</ymax>
		</bndbox>
	</object>
	<object>
		<name>crane</name>
		<pose>Unspecified</pose>
		<truncated>1</truncated>
		<difficult>0</difficult>
		<bndbox>
			<xmin>1</xmin>
			<ymin>78</ymin>
			<xmax>77</xmax>
			<ymax>126</ymax>
		</bndbox>
	</object>
	<object>
		<name>sky</name>
		<pose>Unspecified</pose>
		<truncated>1</truncated>
		<difficult>0</difficult>
		<bndbox>
			<xmin>1</xmin>
			<ymin>1</ymin>
			<xmax>447</xmax>
			<ymax>167</ymax>
		</bndbox>
	</object>
	<object>
		<name>building</name>
		<pose>Unspecified</pose>
		<truncated>1</truncated>
		<difficult>0</difficult>
		<bndbox>
			<xmin>1</xmin>
			<ymin>319</ymin>
			<xmax>202</xmax>
			<ymax>454</ymax>
		</bndbox>
	</object>
	<object>
		<name>building</name>
		<pose>Unspecified</pose>
		<truncated>0</truncated>
		<difficult>0</difficult>
		<bndbox>
			<xmin>158</xmin>
			<ymin>250</ymin>
			<xmax>265</xmax>
			<ymax>299</ymax>
		</bndbox>
	</object>
	<object>
		<name>building</name>
		<pose>Unspecified</pose>
		<truncated>0</truncated>
		<difficult>0</difficult>
		<bndbox>
			<xmin>313</xmin>
			<ymin>306</ymin>
			<xmax>437</xmax>
			<ymax>445</ymax>
		</bndbox>
	</object>
	<object>
		<name>street</name>
		<pose>Unspecified</pose>
		<truncated>0</truncated>
		<difficult>0</difficult>
		<bndbox>
			<xmin>197</xmin>
			<ymin>242</ymin>
			<xmax>358</xmax>
			<ymax>403</ymax>
		</bndbox>
	</object>
</annotation>
