<annotation verified="yes">
	<folder>object_detection</folder>
	<filename>13vW4qfH6b8LpE62M9-wEK_x7kCy4ouIE.jpg</filename>
	<path>/object_detection/13vW4qfH6b8LpE62M9-wEK_x7kCy4ouIE.jpg</path>
	<source>
		<database>Unknown</database>
	</source>
	<size>
		<width>640</width>
		<height>640</height>
		<depth>3</depth>
	</size>
	<segmented>0</segmented>
	<object>
		<name>sign</name>
		<pose>Unspecified</pose>
		<truncated>0</truncated>
		<difficult>0</difficult>
		<bndbox>
			<xmin>282</xmin>
			<ymin>222</ymin>
			<xmax>355</xmax>
			<ymax>343</ymax>
		</bndbox>
	</object>
	<object>
		<name>train</name>
		<pose>Unspecified</pose>
		<truncated>0</truncated>
		<difficult>0</difficult>
		<bndbox>
			<xmin>466</xmin>
			<ymin>272</ymin>
			<xmax>637</xmax>
			<ymax>404</ymax>
		</bndbox>
	</object>
	<object>
		<name>train track</name>
		<pose>Unspecified</pose>
		<truncated>0</truncated>
		<difficult>0</difficult>
		<bndbox>
			<xmin>374</xmin>
			<ymin>267</ymin>
			<xmax>582</xmax>
			<ymax>513</ymax>
		</bndbox>
	</object>
	<object>
		<name>train</name>
		<pose>Unspecified</pose>
		<truncated>1</truncated>
		<difficult>0</difficult>
		<bndbox>
			<xmin>1</xmin>
			<ymin>245</ymin>
			<xmax>285</xmax>
			<ymax>490</ymax>
		</bndbox>
	</object>
</annotation>
