<annotation verified="yes">
	<folder>object_detection</folder>
	<filename>13VWM45JEP_bawdae7TtoONJq_pTDPOwj.jpg</filename>
	<path>/object_detection/13VWM45JEP_bawdae7TtoONJq_pTDPOwj.jpg</path>
	<source>
		<database>Unknown</database>
	</source>
	<size>
		<width>454</width>
		<height>454</height>
		<depth>3</depth>
	</size>
	<segmented>0</segmented>
	<object>
		<name>animal</name>
		<pose>Unspecified</pose>
		<truncated>1</truncated>
		<difficult>0</difficult>
		<bndbox>
			<xmin>35</xmin>
			<ymin>24</ymin>
			<xmax>383</xmax>
			<ymax>454</ymax>
		</bndbox>
	</object>
	<object>
		<name>building</name>
		<pose>Unspecified</pose>
		<truncated>0</truncated>
		<difficult>0</difficult>
		<bndbox>
			<xmin>71</xmin>
			<ymin>4</ymin>
			<xmax>176</xmax>
			<ymax>92</ymax>
		</bndbox>
	</object>
	<object>
		<name>building</name>
		<pose>Unspecified</pose>
		<truncated>1</truncated>
		<difficult>0</difficult>
		<bndbox>
			<xmin>402</xmin>
			<ymin>38</ymin>
			<xmax>454</xmax>
			<ymax>126</ymax>
		</bndbox>
	</object>
	<object>
		<name>tree</name>
		<pose>Unspecified</pose>
		<truncated>0</truncated>
		<difficult>0</difficult>
		<bndbox>
			<xmin>263</xmin>
			<ymin>57</ymin>
			<xmax>354</xmax>
			<ymax>145</ymax>
		</bndbox>
	</object>
	<object>
		<name>tree</name>
		<pose>Unspecified</pose>
		<truncated>0</truncated>
		<difficult>0</difficult>
		<bndbox>
			<xmin>204</xmin>
			<ymin>79</ymin>
			<xmax>259</xmax>
			<ymax>148</ymax>
		</bndbox>
	</object>
</annotation>
