<annotation verified="yes">
	<folder>object_detection</folder>
	<filename>13VzHbo6489MCJdCFCcODLLn0p6YAX5yV.jpg</filename>
	<path>/object_detection/13VzHbo6489MCJdCFCcODLLn0p6YAX5yV.jpg</path>
	<source>
		<database>Unknown</database>
	</source>
	<size>
		<width>500</width>
		<height>334</height>
		<depth>3</depth>
	</size>
	<segmented>0</segmented>
	<object>
		<name>mountain</name>
		<pose>Unspecified</pose>
		<truncated>1</truncated>
		<difficult>0</difficult>
		<bndbox>
			<xmin>1</xmin>
			<ymin>94</ymin>
			<xmax>498</xmax>
			<ymax>133</ymax>
		</bndbox>
	</object>
	<object>
		<name>river</name>
		<pose>Unspecified</pose>
		<truncated>1</truncated>
		<difficult>0</difficult>
		<bndbox>
			<xmin>128</xmin>
			<ymin>130</ymin>
			<xmax>500</xmax>
			<ymax>259</ymax>
		</bndbox>
	</object>
	<object>
		<name>sky</name>
		<pose>Unspecified</pose>
		<truncated>1</truncated>
		<difficult>0</difficult>
		<bndbox>
			<xmin>1</xmin>
			<ymin>1</ymin>
			<xmax>495</xmax>
			<ymax>99</ymax>
		</bndbox>
	</object>
</annotation>
