<annotation verified="yes">
	<folder>object_detection</folder>
	<filename>13XiVxgFPKL776Fd2OVLhv3x5ZVDqOe4B.jpg</filename>
	<path>/object_detection/13XiVxgFPKL776Fd2OVLhv3x5ZVDqOe4B.jpg</path>
	<source>
		<database>Unknown</database>
	</source>
	<size>
		<width>640</width>
		<height>640</height>
		<depth>3</depth>
	</size>
	<segmented>0</segmented>
	<object>
		<name>person</name>
		<pose>Unspecified</pose>
		<truncated>0</truncated>
		<difficult>0</difficult>
		<bndbox>
			<xmin>286</xmin>
			<ymin>243</ymin>
			<xmax>331</xmax>
			<ymax>331</ymax>
		</bndbox>
	</object>
	<object>
		<name>tunnel</name>
		<pose>Unspecified</pose>
		<truncated>0</truncated>
		<difficult>0</difficult>
		<bndbox>
			<xmin>176</xmin>
			<ymin>125</ymin>
			<xmax>578</xmax>
			<ymax>446</ymax>
		</bndbox>
	</object>
</annotation>
