<annotation verified="yes">
	<folder>object_detection</folder>
	<filename>13xolMuEoMjMttC48nsnm5-2R2-0XW8od.jpg</filename>
	<path>/object_detection/13xolMuEoMjMttC48nsnm5-2R2-0XW8od.jpg</path>
	<source>
		<database>Unknown</database>
	</source>
	<size>
		<width>640</width>
		<height>480</height>
		<depth>3</depth>
	</size>
	<segmented>0</segmented>
	<object>
		<name>animal</name>
		<pose>Unspecified</pose>
		<truncated>0</truncated>
		<difficult>0</difficult>
		<bndbox>
			<xmin>55</xmin>
			<ymin>58</ymin>
			<xmax>239</xmax>
			<ymax>162</ymax>
		</bndbox>
	</object>
	<object>
		<name>animal</name>
		<pose>Unspecified</pose>
		<truncated>1</truncated>
		<difficult>0</difficult>
		<bndbox>
			<xmin>444</xmin>
			<ymin>214</ymin>
			<xmax>640</xmax>
			<ymax>480</ymax>
		</bndbox>
	</object>
	<object>
		<name>grass</name>
		<pose>Unspecified</pose>
		<truncated>0</truncated>
		<difficult>0</difficult>
		<bndbox>
			<xmin>12</xmin>
			<ymin>43</ymin>
			<xmax>635</xmax>
			<ymax>459</ymax>
		</bndbox>
	</object>
</annotation>
