<annotation verified="yes">
	<folder>object_detection</folder>
	<filename>13ZKPOuFlQdkVDhituw3MY9pKi2zUjRU0.jpg</filename>
	<path>/object_detection/13ZKPOuFlQdkVDhituw3MY9pKi2zUjRU0.jpg</path>
	<source>
		<database>Unknown</database>
	</source>
	<size>
		<width>640</width>
		<height>640</height>
		<depth>3</depth>
	</size>
	<segmented>0</segmented>
	<object>
		<name>motorcycle</name>
		<pose>Unspecified</pose>
		<truncated>1</truncated>
		<difficult>0</difficult>
		<bndbox>
			<xmin>1</xmin>
			<ymin>1</ymin>
			<xmax>389</xmax>
			<ymax>266</ymax>
		</bndbox>
	</object>
</annotation>
