<annotation verified="yes">
	<folder>object_detection</folder>
	<filename>140qmETfUEVJWMs78wbZv7YIvrNgXxWcr.jpg</filename>
	<path>/object_detection/140qmETfUEVJWMs78wbZv7YIvrNgXxWcr.jpg</path>
	<source>
		<database>Unknown</database>
	</source>
	<size>
		<width>499</width>
		<height>324</height>
		<depth>3</depth>
	</size>
	<segmented>0</segmented>
	<object>
		<name>rocks</name>
		<pose>Unspecified</pose>
		<truncated>1</truncated>
		<difficult>0</difficult>
		<bndbox>
			<xmin>1</xmin>
			<ymin>1</ymin>
			<xmax>495</xmax>
			<ymax>321</ymax>
		</bndbox>
	</object>
	<object>
		<name>flowers</name>
		<pose>Unspecified</pose>
		<truncated>1</truncated>
		<difficult>0</difficult>
		<bndbox>
			<xmin>22</xmin>
			<ymin>1</ymin>
			<xmax>307</xmax>
			<ymax>155</ymax>
		</bndbox>
	</object>
</annotation>
