<annotation verified="yes">
	<folder>object_detection</folder>
	<filename>141YbRe7xF_eo_bZuAb8ehnRO2SKz-odB.jpg</filename>
	<path>/object_detection/141YbRe7xF_eo_bZuAb8ehnRO2SKz-odB.jpg</path>
	<source>
		<database>Unknown</database>
	</source>
	<size>
		<width>500</width>
		<height>375</height>
		<depth>3</depth>
	</size>
	<segmented>0</segmented>
	<object>
		<name>bus</name>
		<pose>Unspecified</pose>
		<truncated>0</truncated>
		<difficult>0</difficult>
		<bndbox>
			<xmin>330</xmin>
			<ymin>128</ymin>
			<xmax>494</xmax>
			<ymax>234</ymax>
		</bndbox>
	</object>
	<object>
		<name>policeman</name>
		<pose>Unspecified</pose>
		<truncated>0</truncated>
		<difficult>0</difficult>
		<bndbox>
			<xmin>414</xmin>
			<ymin>193</ymin>
			<xmax>471</xmax>
			<ymax>326</ymax>
		</bndbox>
	</object>
	<object>
		<name>policeman</name>
		<pose>Unspecified</pose>
		<truncated>0</truncated>
		<difficult>0</difficult>
		<bndbox>
			<xmin>296</xmin>
			<ymin>179</ymin>
			<xmax>333</xmax>
			<ymax>255</ymax>
		</bndbox>
	</object>
	<object>
		<name>policeman</name>
		<pose>Unspecified</pose>
		<truncated>0</truncated>
		<difficult>0</difficult>
		<bndbox>
			<xmin>96</xmin>
			<ymin>198</ymin>
			<xmax>132</xmax>
			<ymax>352</ymax>
		</bndbox>
	</object>
	<object>
		<name>policeman</name>
		<pose>Unspecified</pose>
		<truncated>0</truncated>
		<difficult>0</difficult>
		<bndbox>
			<xmin>19</xmin>
			<ymin>192</ymin>
			<xmax>57</xmax>
			<ymax>286</ymax>
		</bndbox>
	</object>
	<object>
		<name>person</name>
		<pose>Unspecified</pose>
		<truncated>0</truncated>
		<difficult>0</difficult>
		<bndbox>
			<xmin>174</xmin>
			<ymin>214</ymin>
			<xmax>231</xmax>
			<ymax>349</ymax>
		</bndbox>
	</object>
	<object>
		<name>person</name>
		<pose>Unspecified</pose>
		<truncated>0</truncated>
		<difficult>0</difficult>
		<bndbox>
			<xmin>157</xmin>
			<ymin>198</ymin>
			<xmax>188</xmax>
			<ymax>305</ymax>
		</bndbox>
	</object>
	<object>
		<name>person</name>
		<pose>Unspecified</pose>
		<truncated>0</truncated>
		<difficult>0</difficult>
		<bndbox>
			<xmin>56</xmin>
			<ymin>196</ymin>
			<xmax>96</xmax>
			<ymax>288</ymax>
		</bndbox>
	</object>
	<object>
		<name>person</name>
		<pose>Unspecified</pose>
		<truncated>0</truncated>
		<difficult>0</difficult>
		<bndbox>
			<xmin>59</xmin>
			<ymin>173</ymin>
			<xmax>93</xmax>
			<ymax>210</ymax>
		</bndbox>
	</object>
	<object>
		<name>person</name>
		<pose>Unspecified</pose>
		<truncated>0</truncated>
		<difficult>0</difficult>
		<bndbox>
			<xmin>102</xmin>
			<ymin>169</ymin>
			<xmax>126</xmax>
			<ymax>216</ymax>
		</bndbox>
	</object>
	<object>
		<name>street</name>
		<pose>Unspecified</pose>
		<truncated>1</truncated>
		<difficult>0</difficult>
		<bndbox>
			<xmin>1</xmin>
			<ymin>219</ymin>
			<xmax>494</xmax>
			<ymax>375</ymax>
		</bndbox>
	</object>
</annotation>
