<annotation verified="yes">
	<folder>object_detection</folder>
	<filename>1442kAX3bjiRA9XRPe8SXRSGjG9N_6a7y.jpg</filename>
	<path>/object_detection/1442kAX3bjiRA9XRPe8SXRSGjG9N_6a7y.jpg</path>
	<source>
		<database>Unknown</database>
	</source>
	<size>
		<width>640</width>
		<height>640</height>
		<depth>3</depth>
	</size>
	<segmented>0</segmented>
	<object>
		<name>animal</name>
		<pose>Unspecified</pose>
		<truncated>1</truncated>
		<difficult>0</difficult>
		<bndbox>
			<xmin>233</xmin>
			<ymin>171</ymin>
			<xmax>640</xmax>
			<ymax>610</ymax>
		</bndbox>
	</object>
	<object>
		<name>grass</name>
		<pose>Unspecified</pose>
		<truncated>0</truncated>
		<difficult>0</difficult>
		<bndbox>
			<xmin>4</xmin>
			<ymin>329</ymin>
			<xmax>239</xmax>
			<ymax>637</ymax>
		</bndbox>
	</object>
	<object>
		<name>vegetation</name>
		<pose>Unspecified</pose>
		<truncated>0</truncated>
		<difficult>0</difficult>
		<bndbox>
			<xmin>10</xmin>
			<ymin>182</ymin>
			<xmax>247</xmax>
			<ymax>312</ymax>
		</bndbox>
	</object>
	<object>
		<name>sky</name>
		<pose>Unspecified</pose>
		<truncated>1</truncated>
		<difficult>0</difficult>
		<bndbox>
			<xmin>8</xmin>
			<ymin>1</ymin>
			<xmax>640</xmax>
			<ymax>175</ymax>
		</bndbox>
	</object>
</annotation>
