<annotation verified="yes">
	<folder>object_detection</folder>
	<filename>148dyKbEcUXxt82rGG7ulcNe_MWYlBMXT.jpg</filename>
	<path>/object_detection/148dyKbEcUXxt82rGG7ulcNe_MWYlBMXT.jpg</path>
	<source>
		<database>Unknown</database>
	</source>
	<size>
		<width>454</width>
		<height>454</height>
		<depth>3</depth>
	</size>
	<segmented>0</segmented>
	<object>
		<name>car</name>
		<pose>Unspecified</pose>
		<truncated>0</truncated>
		<difficult>0</difficult>
		<bndbox>
			<xmin>191</xmin>
			<ymin>275</ymin>
			<xmax>254</xmax>
			<ymax>301</ymax>
		</bndbox>
	</object>
	<object>
		<name>car</name>
		<pose>Unspecified</pose>
		<truncated>0</truncated>
		<difficult>0</difficult>
		<bndbox>
			<xmin>145</xmin>
			<ymin>272</ymin>
			<xmax>182</xmax>
			<ymax>299</ymax>
		</bndbox>
	</object>
	<object>
		<name>building</name>
		<pose>Unspecified</pose>
		<truncated>0</truncated>
		<difficult>0</difficult>
		<bndbox>
			<xmin>214</xmin>
			<ymin>131</ymin>
			<xmax>441</xmax>
			<ymax>282</ymax>
		</bndbox>
	</object>
	<object>
		<name>sky</name>
		<pose>Unspecified</pose>
		<truncated>0</truncated>
		<difficult>0</difficult>
		<bndbox>
			<xmin>4</xmin>
			<ymin>6</ymin>
			<xmax>204</xmax>
			<ymax>249</ymax>
		</bndbox>
	</object>
</annotation>
