<annotation verified="yes">
	<folder>object_detection</folder>
	<filename>14aJZSX75PpF5LHOaJDYySfuIRSZsAQA1.jpg</filename>
	<path>/object_detection/14aJZSX75PpF5LHOaJDYySfuIRSZsAQA1.jpg</path>
	<source>
		<database>Unknown</database>
	</source>
	<size>
		<width>640</width>
		<height>800</height>
		<depth>1</depth>
	</size>
	<segmented>0</segmented>
	<object>
		<name>sign</name>
		<pose>Unspecified</pose>
		<truncated>0</truncated>
		<difficult>0</difficult>
		<bndbox>
			<xmin>77</xmin>
			<ymin>144</ymin>
			<xmax>569</xmax>
			<ymax>389</ymax>
		</bndbox>
	</object>
	<object>
		<name>wall</name>
		<pose>Unspecified</pose>
		<truncated>1</truncated>
		<difficult>0</difficult>
		<bndbox>
			<xmin>2</xmin>
			<ymin>1</ymin>
			<xmax>636</xmax>
			<ymax>793</ymax>
		</bndbox>
	</object>
</annotation>
