<annotation verified="yes">
	<folder>object_detection</folder>
	<filename>14aOqy6ogYmscbKwTO5tAhahRn4u4fLMX.jpg</filename>
	<path>/object_detection/14aOqy6ogYmscbKwTO5tAhahRn4u4fLMX.jpg</path>
	<source>
		<database>Unknown</database>
	</source>
	<size>
		<width>640</width>
		<height>714</height>
		<depth>3</depth>
	</size>
	<segmented>0</segmented>
	<object>
		<name>tree</name>
		<pose>Unspecified</pose>
		<truncated>1</truncated>
		<difficult>0</difficult>
		<bndbox>
			<xmin>1</xmin>
			<ymin>1</ymin>
			<xmax>298</xmax>
			<ymax>316</ymax>
		</bndbox>
	</object>
	<object>
		<name>wall</name>
		<pose>Unspecified</pose>
		<truncated>1</truncated>
		<difficult>0</difficult>
		<bndbox>
			<xmin>12</xmin>
			<ymin>321</ymin>
			<xmax>640</xmax>
			<ymax>492</ymax>
		</bndbox>
	</object>
</annotation>
