<annotation verified="yes">
	<folder>object_detection</folder>
	<filename>14DOh07fesowh6a-ai9zuFCCQzf4P20aw.jpg</filename>
	<path>/object_detection/14DOh07fesowh6a-ai9zuFCCQzf4P20aw.jpg</path>
	<source>
		<database>Unknown</database>
	</source>
	<size>
		<width>333</width>
		<height>499</height>
		<depth>3</depth>
	</size>
	<segmented>0</segmented>
	<object>
		<name>trash</name>
		<pose>Unspecified</pose>
		<truncated>0</truncated>
		<difficult>0</difficult>
		<bndbox>
			<xmin>99</xmin>
			<ymin>274</ymin>
			<xmax>291</xmax>
			<ymax>469</ymax>
		</bndbox>
	</object>
	<object>
		<name>sky</name>
		<pose>Unspecified</pose>
		<truncated>1</truncated>
		<difficult>0</difficult>
		<bndbox>
			<xmin>1</xmin>
			<ymin>1</ymin>
			<xmax>333</xmax>
			<ymax>137</ymax>
		</bndbox>
	</object>
	<object>
		<name>vegetation</name>
		<pose>Unspecified</pose>
		<truncated>1</truncated>
		<difficult>0</difficult>
		<bndbox>
			<xmin>1</xmin>
			<ymin>137</ymin>
			<xmax>330</xmax>
			<ymax>155</ymax>
		</bndbox>
	</object>
</annotation>
