<annotation verified="yes">
	<folder>object_detection</folder>
	<filename>14FxxI7B0RpE0ouKCk8g8c4PhiPPEdfX_.jpg</filename>
	<path>/object_detection/14FxxI7B0RpE0ouKCk8g8c4PhiPPEdfX_.jpg</path>
	<source>
		<database>Unknown</database>
	</source>
	<size>
		<width>640</width>
		<height>638</height>
		<depth>3</depth>
	</size>
	<segmented>0</segmented>
	<object>
		<name>windmill</name>
		<pose>Unspecified</pose>
		<truncated>1</truncated>
		<difficult>0</difficult>
		<bndbox>
			<xmin>1</xmin>
			<ymin>1</ymin>
			<xmax>640</xmax>
			<ymax>513</ymax>
		</bndbox>
	</object>
	<object>
		<name>sky</name>
		<pose>Unspecified</pose>
		<truncated>1</truncated>
		<difficult>0</difficult>
		<bndbox>
			<xmin>1</xmin>
			<ymin>1</ymin>
			<xmax>430</xmax>
			<ymax>503</ymax>
		</bndbox>
	</object>
	<object>
		<name>vegetation</name>
		<pose>Unspecified</pose>
		<truncated>1</truncated>
		<difficult>0</difficult>
		<bndbox>
			<xmin>172</xmin>
			<ymin>508</ymin>
			<xmax>640</xmax>
			<ymax>638</ymax>
		</bndbox>
	</object>
</annotation>
