<annotation verified="yes">
	<folder>object_detection</folder>
	<filename>14jeORcdvuHoh-wsUenuoPc_n_kIyzOl0.jpg</filename>
	<path>/object_detection/14jeORcdvuHoh-wsUenuoPc_n_kIyzOl0.jpg</path>
	<source>
		<database>Unknown</database>
	</source>
	<size>
		<width>500</width>
		<height>333</height>
		<depth>3</depth>
	</size>
	<segmented>0</segmented>
	<object>
		<name>wall</name>
		<pose>Unspecified</pose>
		<truncated>1</truncated>
		<difficult>0</difficult>
		<bndbox>
			<xmin>147</xmin>
			<ymin>203</ymin>
			<xmax>500</xmax>
			<ymax>333</ymax>
		</bndbox>
	</object>
	<object>
		<name>sky</name>
		<pose>Unspecified</pose>
		<truncated>0</truncated>
		<difficult>0</difficult>
		<bndbox>
			<xmin>288</xmin>
			<ymin>85</ymin>
			<xmax>363</xmax>
			<ymax>194</ymax>
		</bndbox>
	</object>
	<object>
		<name>wall</name>
		<pose>Unspecified</pose>
		<truncated>1</truncated>
		<difficult>0</difficult>
		<bndbox>
			<xmin>450</xmin>
			<ymin>61</ymin>
			<xmax>500</xmax>
			<ymax>238</ymax>
		</bndbox>
	</object>
</annotation>
