<annotation verified="yes">
	<folder>object_detection</folder>
	<filename>14jJOFPPGh9GmoIJfGAs9ngFrqWwz28DB.jpg</filename>
	<path>/object_detection/14jJOFPPGh9GmoIJfGAs9ngFrqWwz28DB.jpg</path>
	<source>
		<database>Unknown</database>
	</source>
	<size>
		<width>499</width>
		<height>333</height>
		<depth>3</depth>
	</size>
	<segmented>0</segmented>
	<object>
		<name>tree</name>
		<pose>Unspecified</pose>
		<truncated>0</truncated>
		<difficult>0</difficult>
		<bndbox>
			<xmin>66</xmin>
			<ymin>78</ymin>
			<xmax>321</xmax>
			<ymax>242</ymax>
		</bndbox>
	</object>
	<object>
		<name>sky</name>
		<pose>Unspecified</pose>
		<truncated>1</truncated>
		<difficult>0</difficult>
		<bndbox>
			<xmin>1</xmin>
			<ymin>1</ymin>
			<xmax>494</xmax>
			<ymax>202</ymax>
		</bndbox>
	</object>
	<object>
		<name>sun</name>
		<pose>Unspecified</pose>
		<truncated>0</truncated>
		<difficult>0</difficult>
		<bndbox>
			<xmin>375</xmin>
			<ymin>39</ymin>
			<xmax>448</xmax>
			<ymax>104</ymax>
		</bndbox>
	</object>
</annotation>
