<annotation verified="yes">
	<folder>object_detection</folder>
	<filename>14Kc4mDMvBGyG73prgHVN3EuIkvviv319.jpg</filename>
	<path>/object_detection/14Kc4mDMvBGyG73prgHVN3EuIkvviv319.jpg</path>
	<source>
		<database>Unknown</database>
	</source>
	<size>
		<width>640</width>
		<height>800</height>
		<depth>1</depth>
	</size>
	<segmented>0</segmented>
	<object>
		<name>tree</name>
		<pose>Unspecified</pose>
		<truncated>1</truncated>
		<difficult>0</difficult>
		<bndbox>
			<xmin>199</xmin>
			<ymin>1</ymin>
			<xmax>406</xmax>
			<ymax>800</ymax>
		</bndbox>
	</object>
	<object>
		<name>tree</name>
		<pose>Unspecified</pose>
		<truncated>0</truncated>
		<difficult>0</difficult>
		<bndbox>
			<xmin>128</xmin>
			<ymin>426</ymin>
			<xmax>247</xmax>
			<ymax>793</ymax>
		</bndbox>
	</object>
	<object>
		<name>tree</name>
		<pose>Unspecified</pose>
		<truncated>1</truncated>
		<difficult>0</difficult>
		<bndbox>
			<xmin>1</xmin>
			<ymin>298</ymin>
			<xmax>154</xmax>
			<ymax>763</ymax>
		</bndbox>
	</object>
	<object>
		<name>tree</name>
		<pose>Unspecified</pose>
		<truncated>1</truncated>
		<difficult>0</difficult>
		<bndbox>
			<xmin>409</xmin>
			<ymin>26</ymin>
			<xmax>640</xmax>
			<ymax>614</ymax>
		</bndbox>
	</object>
	<object>
		<name>tree</name>
		<pose>Unspecified</pose>
		<truncated>0</truncated>
		<difficult>0</difficult>
		<bndbox>
			<xmin>321</xmin>
			<ymin>421</ymin>
			<xmax>504</xmax>
			<ymax>724</ymax>
		</bndbox>
	</object>
	<object>
		<name>road</name>
		<pose>Unspecified</pose>
		<truncated>1</truncated>
		<difficult>0</difficult>
		<bndbox>
			<xmin>434</xmin>
			<ymin>672</ymin>
			<xmax>640</xmax>
			<ymax>800</ymax>
		</bndbox>
	</object>
	<object>
		<name>sky</name>
		<pose>Unspecified</pose>
		<truncated>0</truncated>
		<difficult>0</difficult>
		<bndbox>
			<xmin>22</xmin>
			<ymin>3</ymin>
			<xmax>485</xmax>
			<ymax>406</ymax>
		</bndbox>
	</object>
</annotation>
