<annotation verified="yes">
	<folder>object_detection</folder>
	<filename>14kl55vpJ1QmB-b1mUgXKHWZxPIzuBZEO.jpg</filename>
	<path>/object_detection/14kl55vpJ1QmB-b1mUgXKHWZxPIzuBZEO.jpg</path>
	<source>
		<database>Unknown</database>
	</source>
	<size>
		<width>640</width>
		<height>800</height>
		<depth>3</depth>
	</size>
	<segmented>0</segmented>
	<object>
		<name>boat</name>
		<pose>Unspecified</pose>
		<truncated>0</truncated>
		<difficult>0</difficult>
		<bndbox>
			<xmin>237</xmin>
			<ymin>572</ymin>
			<xmax>330</xmax>
			<ymax>602</ymax>
		</bndbox>
	</object>
	<object>
		<name>waterfall</name>
		<pose>Unspecified</pose>
		<truncated>0</truncated>
		<difficult>0</difficult>
		<bndbox>
			<xmin>22</xmin>
			<ymin>661</ymin>
			<xmax>617</xmax>
			<ymax>773</ymax>
		</bndbox>
	</object>
	<object>
		<name>river</name>
		<pose>Unspecified</pose>
		<truncated>0</truncated>
		<difficult>0</difficult>
		<bndbox>
			<xmin>16</xmin>
			<ymin>572</ymin>
			<xmax>632</xmax>
			<ymax>657</ymax>
		</bndbox>
	</object>
	<object>
		<name>vegetation</name>
		<pose>Unspecified</pose>
		<truncated>1</truncated>
		<difficult>0</difficult>
		<bndbox>
			<xmin>1</xmin>
			<ymin>1</ymin>
			<xmax>605</xmax>
			<ymax>547</ymax>
		</bndbox>
	</object>
</annotation>
