<annotation verified="yes">
	<folder>object_detection</folder>
	<filename>14kWozZ-USMpjUPmlv6yyeDvL8hlAqs5z.jpg</filename>
	<path>/object_detection/14kWozZ-USMpjUPmlv6yyeDvL8hlAqs5z.jpg</path>
	<source>
		<database>Unknown</database>
	</source>
	<size>
		<width>500</width>
		<height>131</height>
		<depth>3</depth>
	</size>
	<segmented>0</segmented>
	<object>
		<name>bridge</name>
		<pose>Unspecified</pose>
		<truncated>1</truncated>
		<difficult>0</difficult>
		<bndbox>
			<xmin>59</xmin>
			<ymin>1</ymin>
			<xmax>458</xmax>
			<ymax>88</ymax>
		</bndbox>
	</object>
	<object>
		<name>tree</name>
		<pose>Unspecified</pose>
		<truncated>1</truncated>
		<difficult>0</difficult>
		<bndbox>
			<xmin>1</xmin>
			<ymin>16</ymin>
			<xmax>65</xmax>
			<ymax>129</ymax>
		</bndbox>
	</object>
	<object>
		<name>vegetation</name>
		<pose>Unspecified</pose>
		<truncated>0</truncated>
		<difficult>0</difficult>
		<bndbox>
			<xmin>72</xmin>
			<ymin>41</ymin>
			<xmax>160</xmax>
			<ymax>91</ymax>
		</bndbox>
	</object>
	<object>
		<name>vegetation</name>
		<pose>Unspecified</pose>
		<truncated>0</truncated>
		<difficult>0</difficult>
		<bndbox>
			<xmin>329</xmin>
			<ymin>23</ymin>
			<xmax>485</xmax>
			<ymax>82</ymax>
		</bndbox>
	</object>
	<object>
		<name>river</name>
		<pose>Unspecified</pose>
		<truncated>1</truncated>
		<difficult>0</difficult>
		<bndbox>
			<xmin>21</xmin>
			<ymin>84</ymin>
			<xmax>477</xmax>
			<ymax>131</ymax>
		</bndbox>
	</object>
</annotation>
