<annotation verified="yes">
	<folder>object_detection</folder>
	<filename>14lAVLz-gMg2EDTVsdyB-fNNUAxsOirA4.jpg</filename>
	<path>/object_detection/14lAVLz-gMg2EDTVsdyB-fNNUAxsOirA4.jpg</path>
	<source>
		<database>Unknown</database>
	</source>
	<size>
		<width>612</width>
		<height>612</height>
		<depth>3</depth>
	</size>
	<segmented>0</segmented>
	<object>
		<name>flag</name>
		<pose>Unspecified</pose>
		<truncated>0</truncated>
		<difficult>0</difficult>
		<bndbox>
			<xmin>114</xmin>
			<ymin>295</ymin>
			<xmax>217</xmax>
			<ymax>485</ymax>
		</bndbox>
	</object>
	<object>
		<name>tree</name>
		<pose>Unspecified</pose>
		<truncated>0</truncated>
		<difficult>0</difficult>
		<bndbox>
			<xmin>12</xmin>
			<ymin>244</ymin>
			<xmax>104</xmax>
			<ymax>328</ymax>
		</bndbox>
	</object>
	<object>
		<name>tree</name>
		<pose>Unspecified</pose>
		<truncated>0</truncated>
		<difficult>0</difficult>
		<bndbox>
			<xmin>260</xmin>
			<ymin>341</ymin>
			<xmax>382</xmax>
			<ymax>402</ymax>
		</bndbox>
	</object>
	<object>
		<name>tree</name>
		<pose>Unspecified</pose>
		<truncated>0</truncated>
		<difficult>0</difficult>
		<bndbox>
			<xmin>480</xmin>
			<ymin>362</ymin>
			<xmax>577</xmax>
			<ymax>417</ymax>
		</bndbox>
	</object>
	<object>
		<name>grass</name>
		<pose>Unspecified</pose>
		<truncated>0</truncated>
		<difficult>0</difficult>
		<bndbox>
			<xmin>38</xmin>
			<ymin>329</ymin>
			<xmax>588</xmax>
			<ymax>577</ymax>
		</bndbox>
	</object>
	<object>
		<name>sky</name>
		<pose>Unspecified</pose>
		<truncated>0</truncated>
		<difficult>0</difficult>
		<bndbox>
			<xmin>22</xmin>
			<ymin>15</ymin>
			<xmax>603</xmax>
			<ymax>330</ymax>
		</bndbox>
	</object>
</annotation>
