<annotation verified="yes">
	<folder>object_detection</folder>
	<filename>14NNfjWmEn3zoFXpUQwCjKz1PKWrqp0MK.jpg</filename>
	<path>/object_detection/14NNfjWmEn3zoFXpUQwCjKz1PKWrqp0MK.jpg</path>
	<source>
		<database>Unknown</database>
	</source>
	<size>
		<width>640</width>
		<height>426</height>
		<depth>3</depth>
	</size>
	<segmented>0</segmented>
	<object>
		<name>street</name>
		<pose>Unspecified</pose>
		<truncated>0</truncated>
		<difficult>0</difficult>
		<bndbox>
			<xmin>9</xmin>
			<ymin>17</ymin>
			<xmax>629</xmax>
			<ymax>416</ymax>
		</bndbox>
	</object>
</annotation>
