<annotation verified="yes">
	<folder>object_detection</folder>
	<filename>14nrNV7KBv3Ozn060dQxUaDMKGbXaJETS.jpg</filename>
	<path>/object_detection/14nrNV7KBv3Ozn060dQxUaDMKGbXaJETS.jpg</path>
	<source>
		<database>Unknown</database>
	</source>
	<size>
		<width>499</width>
		<height>336</height>
		<depth>3</depth>
	</size>
	<segmented>0</segmented>
	<object>
		<name>person</name>
		<pose>Unspecified</pose>
		<truncated>0</truncated>
		<difficult>0</difficult>
		<bndbox>
			<xmin>103</xmin>
			<ymin>114</ymin>
			<xmax>458</xmax>
			<ymax>286</ymax>
		</bndbox>
	</object>
	<object>
		<name>trash</name>
		<pose>Unspecified</pose>
		<truncated>0</truncated>
		<difficult>0</difficult>
		<bndbox>
			<xmin>63</xmin>
			<ymin>40</ymin>
			<xmax>451</xmax>
			<ymax>318</ymax>
		</bndbox>
	</object>
</annotation>
