<annotation verified="yes">
	<folder>object_detection</folder>
	<filename>14PHf3y_NAseez1_gV3X0avq6kTRQa55k.jpg</filename>
	<path>/object_detection/14PHf3y_NAseez1_gV3X0avq6kTRQa55k.jpg</path>
	<source>
		<database>Unknown</database>
	</source>
	<size>
		<width>500</width>
		<height>375</height>
		<depth>3</depth>
	</size>
	<segmented>0</segmented>
	<object>
		<name>building</name>
		<pose>Unspecified</pose>
		<truncated>0</truncated>
		<difficult>0</difficult>
		<bndbox>
			<xmin>200</xmin>
			<ymin>117</ymin>
			<xmax>464</xmax>
			<ymax>354</ymax>
		</bndbox>
	</object>
	<object>
		<name>vegetation</name>
		<pose>Unspecified</pose>
		<truncated>1</truncated>
		<difficult>0</difficult>
		<bndbox>
			<xmin>1</xmin>
			<ymin>233</ymin>
			<xmax>171</xmax>
			<ymax>306</ymax>
		</bndbox>
	</object>
	<object>
		<name>trash can</name>
		<pose>Unspecified</pose>
		<truncated>0</truncated>
		<difficult>0</difficult>
		<bndbox>
			<xmin>46</xmin>
			<ymin>240</ymin>
			<xmax>119</xmax>
			<ymax>363</ymax>
		</bndbox>
	</object>
</annotation>
