<annotation verified="yes">
	<folder>object_detection</folder>
	<filename>14pjdjAHUKATI9o3GSlKHi6gW6VoTE35I.jpg</filename>
	<path>/object_detection/14pjdjAHUKATI9o3GSlKHi6gW6VoTE35I.jpg</path>
	<source>
		<database>Unknown</database>
	</source>
	<size>
		<width>640</width>
		<height>640</height>
		<depth>3</depth>
	</size>
	<segmented>0</segmented>
	<object>
		<name>vegetation</name>
		<pose>Unspecified</pose>
		<truncated>0</truncated>
		<difficult>0</difficult>
		<bndbox>
			<xmin>132</xmin>
			<ymin>343</ymin>
			<xmax>429</xmax>
			<ymax>491</ymax>
		</bndbox>
	</object>
	<object>
		<name>river</name>
		<pose>Unspecified</pose>
		<truncated>0</truncated>
		<difficult>0</difficult>
		<bndbox>
			<xmin>2</xmin>
			<ymin>329</ymin>
			<xmax>616</xmax>
			<ymax>585</ymax>
		</bndbox>
	</object>
	<object>
		<name>tree</name>
		<pose>Unspecified</pose>
		<truncated>0</truncated>
		<difficult>0</difficult>
		<bndbox>
			<xmin>185</xmin>
			<ymin>407</ymin>
			<xmax>416</xmax>
			<ymax>637</ymax>
		</bndbox>
	</object>
	<object>
		<name>tree</name>
		<pose>Unspecified</pose>
		<truncated>1</truncated>
		<difficult>0</difficult>
		<bndbox>
			<xmin>1</xmin>
			<ymin>512</ymin>
			<xmax>188</xmax>
			<ymax>640</ymax>
		</bndbox>
	</object>
	<object>
		<name>sky</name>
		<pose>Unspecified</pose>
		<truncated>1</truncated>
		<difficult>0</difficult>
		<bndbox>
			<xmin>1</xmin>
			<ymin>1</ymin>
			<xmax>640</xmax>
			<ymax>289</ymax>
		</bndbox>
	</object>
</annotation>
