<annotation verified="yes">
	<folder>object_detection</folder>
	<filename>14pnPO1ALwAs3pKPwWTJcaxnI3HpHt9zi.jpg</filename>
	<path>/object_detection/14pnPO1ALwAs3pKPwWTJcaxnI3HpHt9zi.jpg</path>
	<source>
		<database>Unknown</database>
	</source>
	<size>
		<width>640</width>
		<height>640</height>
		<depth>3</depth>
	</size>
	<segmented>0</segmented>
	<object>
		<name>car</name>
		<pose>Unspecified</pose>
		<truncated>0</truncated>
		<difficult>0</difficult>
		<bndbox>
			<xmin>418</xmin>
			<ymin>256</ymin>
			<xmax>601</xmax>
			<ymax>397</ymax>
		</bndbox>
	</object>
	<object>
		<name>building</name>
		<pose>Unspecified</pose>
		<truncated>1</truncated>
		<difficult>0</difficult>
		<bndbox>
			<xmin>495</xmin>
			<ymin>50</ymin>
			<xmax>640</xmax>
			<ymax>275</ymax>
		</bndbox>
	</object>
	<object>
		<name>building</name>
		<pose>Unspecified</pose>
		<truncated>0</truncated>
		<difficult>0</difficult>
		<bndbox>
			<xmin>358</xmin>
			<ymin>11</ymin>
			<xmax>608</xmax>
			<ymax>244</ymax>
		</bndbox>
	</object>
	<object>
		<name>collumn</name>
		<pose>Unspecified</pose>
		<truncated>0</truncated>
		<difficult>0</difficult>
		<bndbox>
			<xmin>84</xmin>
			<ymin>94</ymin>
			<xmax>113</xmax>
			<ymax>367</ymax>
		</bndbox>
	</object>
	<object>
		<name>collumn</name>
		<pose>Unspecified</pose>
		<truncated>1</truncated>
		<difficult>0</difficult>
		<bndbox>
			<xmin>1</xmin>
			<ymin>6</ymin>
			<xmax>68</xmax>
			<ymax>486</ymax>
		</bndbox>
	</object>
	<object>
		<name>collumn</name>
		<pose>Unspecified</pose>
		<truncated>0</truncated>
		<difficult>0</difficult>
		<bndbox>
			<xmin>449</xmin>
			<ymin>37</ymin>
			<xmax>546</xmax>
			<ymax>462</ymax>
		</bndbox>
	</object>
	<object>
		<name>collumn</name>
		<pose>Unspecified</pose>
		<truncated>0</truncated>
		<difficult>0</difficult>
		<bndbox>
			<xmin>380</xmin>
			<ymin>67</ymin>
			<xmax>459</xmax>
			<ymax>415</ymax>
		</bndbox>
	</object>
	<object>
		<name>sign</name>
		<pose>Unspecified</pose>
		<truncated>0</truncated>
		<difficult>0</difficult>
		<bndbox>
			<xmin>321</xmin>
			<ymin>122</ymin>
			<xmax>369</xmax>
			<ymax>186</ymax>
		</bndbox>
	</object>
	<object>
		<name>sign</name>
		<pose>Unspecified</pose>
		<truncated>0</truncated>
		<difficult>0</difficult>
		<bndbox>
			<xmin>281</xmin>
			<ymin>127</ymin>
			<xmax>336</xmax>
			<ymax>362</ymax>
		</bndbox>
	</object>
	<object>
		<name>sign</name>
		<pose>Unspecified</pose>
		<truncated>0</truncated>
		<difficult>0</difficult>
		<bndbox>
			<xmin>225</xmin>
			<ymin>178</ymin>
			<xmax>269</xmax>
			<ymax>331</ymax>
		</bndbox>
	</object>
	<object>
		<name>sign</name>
		<pose>Unspecified</pose>
		<truncated>0</truncated>
		<difficult>0</difficult>
		<bndbox>
			<xmin>311</xmin>
			<ymin>127</ymin>
			<xmax>371</xmax>
			<ymax>222</ymax>
		</bndbox>
	</object>
	<object>
		<name>sign</name>
		<pose>Unspecified</pose>
		<truncated>0</truncated>
		<difficult>0</difficult>
		<bndbox>
			<xmin>217</xmin>
			<ymin>187</ymin>
			<xmax>263</xmax>
			<ymax>242</ymax>
		</bndbox>
	</object>
	<object>
		<name>sign</name>
		<pose>Unspecified</pose>
		<truncated>0</truncated>
		<difficult>0</difficult>
		<bndbox>
			<xmin>265</xmin>
			<ymin>150</ymin>
			<xmax>315</xmax>
			<ymax>209</ymax>
		</bndbox>
	</object>
	<object>
		<name>sidewalk</name>
		<pose>Unspecified</pose>
		<truncated>1</truncated>
		<difficult>0</difficult>
		<bndbox>
			<xmin>1</xmin>
			<ymin>266</ymin>
			<xmax>558</xmax>
			<ymax>640</ymax>
		</bndbox>
	</object>
</annotation>
