<annotation verified="yes">
	<folder>object_detection</folder>
	<filename>14R0Z1YoAXb6bKs-0Bucm5rTTK45NHSfE.jpg</filename>
	<path>/object_detection/14R0Z1YoAXb6bKs-0Bucm5rTTK45NHSfE.jpg</path>
	<source>
		<database>Unknown</database>
	</source>
	<size>
		<width>640</width>
		<height>774</height>
		<depth>3</depth>
	</size>
	<segmented>0</segmented>
	<object>
		<name>sky</name>
		<pose>Unspecified</pose>
		<truncated>1</truncated>
		<difficult>0</difficult>
		<bndbox>
			<xmin>1</xmin>
			<ymin>1</ymin>
			<xmax>640</xmax>
			<ymax>635</ymax>
		</bndbox>
	</object>
	<object>
		<name>tree</name>
		<pose>Unspecified</pose>
		<truncated>0</truncated>
		<difficult>0</difficult>
		<bndbox>
			<xmin>541</xmin>
			<ymin>635</ymin>
			<xmax>620</xmax>
			<ymax>747</ymax>
		</bndbox>
	</object>
	<object>
		<name>mountain</name>
		<pose>Unspecified</pose>
		<truncated>1</truncated>
		<difficult>0</difficult>
		<bndbox>
			<xmin>1</xmin>
			<ymin>621</ymin>
			<xmax>438</xmax>
			<ymax>741</ymax>
		</bndbox>
	</object>
	<object>
		<name>tree</name>
		<pose>Unspecified</pose>
		<truncated>0</truncated>
		<difficult>0</difficult>
		<bndbox>
			<xmin>431</xmin>
			<ymin>667</ymin>
			<xmax>468</xmax>
			<ymax>725</ymax>
		</bndbox>
	</object>
</annotation>
