<annotation verified="yes">
	<folder>object_detection</folder>
	<filename>14ueCP0cZmf6ZR3eNVIm4EZiNDv6OEgix.jpg</filename>
	<path>/object_detection/14ueCP0cZmf6ZR3eNVIm4EZiNDv6OEgix.jpg</path>
	<source>
		<database>Unknown</database>
	</source>
	<size>
		<width>499</width>
		<height>333</height>
		<depth>3</depth>
	</size>
	<segmented>0</segmented>
	<object>
		<name>tree</name>
		<pose>Unspecified</pose>
		<truncated>0</truncated>
		<difficult>0</difficult>
		<bndbox>
			<xmin>157</xmin>
			<ymin>62</ymin>
			<xmax>433</xmax>
			<ymax>234</ymax>
		</bndbox>
	</object>
	<object>
		<name>mountain</name>
		<pose>Unspecified</pose>
		<truncated>0</truncated>
		<difficult>0</difficult>
		<bndbox>
			<xmin>84</xmin>
			<ymin>81</ymin>
			<xmax>375</xmax>
			<ymax>174</ymax>
		</bndbox>
	</object>
	<object>
		<name>sky</name>
		<pose>Unspecified</pose>
		<truncated>1</truncated>
		<difficult>0</difficult>
		<bndbox>
			<xmin>1</xmin>
			<ymin>1</ymin>
			<xmax>495</xmax>
			<ymax>109</ymax>
		</bndbox>
	</object>
</annotation>
