<annotation verified="yes">
	<folder>object_detection</folder>
	<filename>14UYK2lXQvxMHKgglw_CS40pU4mkIwVvx.jpg</filename>
	<path>/object_detection/14UYK2lXQvxMHKgglw_CS40pU4mkIwVvx.jpg</path>
	<source>
		<database>Unknown</database>
	</source>
	<size>
		<width>640</width>
		<height>456</height>
		<depth>3</depth>
	</size>
	<segmented>0</segmented>
	<object>
		<name>sign</name>
		<pose>Unspecified</pose>
		<truncated>0</truncated>
		<difficult>0</difficult>
		<bndbox>
			<xmin>197</xmin>
			<ymin>113</ymin>
			<xmax>258</xmax>
			<ymax>262</ymax>
		</bndbox>
	</object>
	<object>
		<name>wall</name>
		<pose>Unspecified</pose>
		<truncated>0</truncated>
		<difficult>0</difficult>
		<bndbox>
			<xmin>37</xmin>
			<ymin>32</ymin>
			<xmax>603</xmax>
			<ymax>363</ymax>
		</bndbox>
	</object>
	<object>
		<name>tree</name>
		<pose>Unspecified</pose>
		<truncated>0</truncated>
		<difficult>0</difficult>
		<bndbox>
			<xmin>411</xmin>
			<ymin>36</ymin>
			<xmax>474</xmax>
			<ymax>392</ymax>
		</bndbox>
	</object>
</annotation>
