<annotation verified="yes">
	<folder>object_detection</folder>
	<filename>14WeYb4Lgu5XZBLja-h_AzY7eA-jHtvA-.jpg</filename>
	<path>/object_detection/14WeYb4Lgu5XZBLja-h_AzY7eA-jHtvA-.jpg</path>
	<source>
		<database>Unknown</database>
	</source>
	<size>
		<width>640</width>
		<height>436</height>
		<depth>3</depth>
	</size>
	<segmented>0</segmented>
	<object>
		<name>building</name>
		<pose>Unspecified</pose>
		<truncated>0</truncated>
		<difficult>0</difficult>
		<bndbox>
			<xmin>349</xmin>
			<ymin>168</ymin>
			<xmax>552</xmax>
			<ymax>312</ymax>
		</bndbox>
	</object>
	<object>
		<name>sky</name>
		<pose>Unspecified</pose>
		<truncated>1</truncated>
		<difficult>0</difficult>
		<bndbox>
			<xmin>1</xmin>
			<ymin>1</ymin>
			<xmax>532</xmax>
			<ymax>254</ymax>
		</bndbox>
	</object>
	<object>
		<name>tree</name>
		<pose>Unspecified</pose>
		<truncated>1</truncated>
		<difficult>0</difficult>
		<bndbox>
			<xmin>515</xmin>
			<ymin>18</ymin>
			<xmax>640</xmax>
			<ymax>224</ymax>
		</bndbox>
	</object>
	<object>
		<name>sea</name>
		<pose>Unspecified</pose>
		<truncated>1</truncated>
		<difficult>0</difficult>
		<bndbox>
			<xmin>1</xmin>
			<ymin>291</ymin>
			<xmax>338</xmax>
			<ymax>436</ymax>
		</bndbox>
	</object>
</annotation>
