<annotation verified="yes">
	<folder>object_detection</folder>
	<filename>14wvF1QPpwqn28kKL2dyjQgj8uwcipqRc.jpg</filename>
	<path>/object_detection/14wvF1QPpwqn28kKL2dyjQgj8uwcipqRc.jpg</path>
	<source>
		<database>Unknown</database>
	</source>
	<size>
		<width>900</width>
		<height>1200</height>
		<depth>3</depth>
	</size>
	<segmented>0</segmented>
	<object>
		<name>car</name>
		<pose>Unspecified</pose>
		<truncated>1</truncated>
		<difficult>0</difficult>
		<bndbox>
			<xmin>445</xmin>
			<ymin>20</ymin>
			<xmax>900</xmax>
			<ymax>436</ymax>
		</bndbox>
	</object>
	<object>
		<name>car</name>
		<pose>Unspecified</pose>
		<truncated>0</truncated>
		<difficult>0</difficult>
		<bndbox>
			<xmin>323</xmin>
			<ymin>20</ymin>
			<xmax>466</xmax>
			<ymax>129</ymax>
		</bndbox>
	</object>
	<object>
		<name>street</name>
		<pose>Unspecified</pose>
		<truncated>0</truncated>
		<difficult>0</difficult>
		<bndbox>
			<xmin>20</xmin>
			<ymin>179</ymin>
			<xmax>471</xmax>
			<ymax>436</ymax>
		</bndbox>
	</object>
	<object>
		<name>grass</name>
		<pose>Unspecified</pose>
		<truncated>1</truncated>
		<difficult>0</difficult>
		<bndbox>
			<xmin>255</xmin>
			<ymin>440</ymin>
			<xmax>900</xmax>
			<ymax>725</ymax>
		</bndbox>
	</object>
	<object>
		<name>sidewalk</name>
		<pose>Unspecified</pose>
		<truncated>1</truncated>
		<difficult>0</difficult>
		<bndbox>
			<xmin>20</xmin>
			<ymin>451</ymin>
			<xmax>900</xmax>
			<ymax>1200</ymax>
		</bndbox>
	</object>
</annotation>
