<annotation verified="yes">
	<folder>object_detection</folder>
	<filename>14xw7xvqiTz3PLXhg8yHVnVZ93Czdle5I.jpg</filename>
	<path>/object_detection/14xw7xvqiTz3PLXhg8yHVnVZ93Czdle5I.jpg</path>
	<source>
		<database>Unknown</database>
	</source>
	<size>
		<width>640</width>
		<height>640</height>
		<depth>3</depth>
	</size>
	<segmented>0</segmented>
	<object>
		<name>river</name>
		<pose>Unspecified</pose>
		<truncated>1</truncated>
		<difficult>0</difficult>
		<bndbox>
			<xmin>45</xmin>
			<ymin>141</ymin>
			<xmax>640</xmax>
			<ymax>615</ymax>
		</bndbox>
	</object>
	<object>
		<name>vegetation</name>
		<pose>Unspecified</pose>
		<truncated>1</truncated>
		<difficult>0</difficult>
		<bndbox>
			<xmin>65</xmin>
			<ymin>1</ymin>
			<xmax>640</xmax>
			<ymax>140</ymax>
		</bndbox>
	</object>
</annotation>
