<annotation verified="yes">
	<folder>object_detection</folder>
	<filename>14xyn4dhF5YuRY40nBo1utGKlfLrqlNQ1.jpg</filename>
	<path>/object_detection/14xyn4dhF5YuRY40nBo1utGKlfLrqlNQ1.jpg</path>
	<source>
		<database>Unknown</database>
	</source>
	<size>
		<width>499</width>
		<height>333</height>
		<depth>3</depth>
	</size>
	<segmented>0</segmented>
	<object>
		<name>person</name>
		<pose>Unspecified</pose>
		<truncated>0</truncated>
		<difficult>0</difficult>
		<bndbox>
			<xmin>78</xmin>
			<ymin>77</ymin>
			<xmax>176</xmax>
			<ymax>255</ymax>
		</bndbox>
	</object>
	<object>
		<name>wall</name>
		<pose>Unspecified</pose>
		<truncated>1</truncated>
		<difficult>0</difficult>
		<bndbox>
			<xmin>28</xmin>
			<ymin>1</ymin>
			<xmax>487</xmax>
			<ymax>195</ymax>
		</bndbox>
	</object>
</annotation>
