<annotation verified="yes">
	<folder>object_detection</folder>
	<filename>150R6i7Id13s-D4dbuxcDnKDcA7sqjo7e.jpg</filename>
	<path>/object_detection/150R6i7Id13s-D4dbuxcDnKDcA7sqjo7e.jpg</path>
	<source>
		<database>Unknown</database>
	</source>
	<size>
		<width>640</width>
		<height>800</height>
		<depth>3</depth>
	</size>
	<segmented>0</segmented>
	<object>
		<name>mountain</name>
		<pose>Unspecified</pose>
		<truncated>0</truncated>
		<difficult>0</difficult>
		<bndbox>
			<xmin>3</xmin>
			<ymin>75</ymin>
			<xmax>323</xmax>
			<ymax>289</ymax>
		</bndbox>
	</object>
	<object>
		<name>mountain</name>
		<pose>Unspecified</pose>
		<truncated>1</truncated>
		<difficult>0</difficult>
		<bndbox>
			<xmin>386</xmin>
			<ymin>108</ymin>
			<xmax>640</xmax>
			<ymax>303</ymax>
		</bndbox>
	</object>
	<object>
		<name>mountain</name>
		<pose>Unspecified</pose>
		<truncated>0</truncated>
		<difficult>0</difficult>
		<bndbox>
			<xmin>220</xmin>
			<ymin>136</ymin>
			<xmax>554</xmax>
			<ymax>242</ymax>
		</bndbox>
	</object>
	<object>
		<name>sky</name>
		<pose>Unspecified</pose>
		<truncated>1</truncated>
		<difficult>0</difficult>
		<bndbox>
			<xmin>10</xmin>
			<ymin>8</ymin>
			<xmax>640</xmax>
			<ymax>144</ymax>
		</bndbox>
	</object>
	<object>
		<name>vegetation</name>
		<pose>Unspecified</pose>
		<truncated>0</truncated>
		<difficult>0</difficult>
		<bndbox>
			<xmin>30</xmin>
			<ymin>231</ymin>
			<xmax>624</xmax>
			<ymax>439</ymax>
		</bndbox>
	</object>
	<object>
		<name>vegetation</name>
		<pose>Unspecified</pose>
		<truncated>0</truncated>
		<difficult>0</difficult>
		<bndbox>
			<xmin>360</xmin>
			<ymin>354</ymin>
			<xmax>639</xmax>
			<ymax>780</ymax>
		</bndbox>
	</object>
	<object>
		<name>vegetation</name>
		<pose>Unspecified</pose>
		<truncated>0</truncated>
		<difficult>0</difficult>
		<bndbox>
			<xmin>52</xmin>
			<ymin>447</ymin>
			<xmax>249</xmax>
			<ymax>691</ymax>
		</bndbox>
	</object>
</annotation>
