<annotation verified="yes">
	<folder>object_detection</folder>
	<filename>151ec6nvO_-4LiAiW70sghXUGkCp58Wz8.jpg</filename>
	<path>/object_detection/151ec6nvO_-4LiAiW70sghXUGkCp58Wz8.jpg</path>
	<source>
		<database>Unknown</database>
	</source>
	<size>
		<width>640</width>
		<height>426</height>
		<depth>3</depth>
	</size>
	<segmented>0</segmented>
	<object>
		<name>building</name>
		<pose>Unspecified</pose>
		<truncated>0</truncated>
		<difficult>0</difficult>
		<bndbox>
			<xmin>190</xmin>
			<ymin>11</ymin>
			<xmax>623</xmax>
			<ymax>335</ymax>
		</bndbox>
	</object>
	<object>
		<name>graffiti</name>
		<pose>Unspecified</pose>
		<truncated>0</truncated>
		<difficult>0</difficult>
		<bndbox>
			<xmin>207</xmin>
			<ymin>11</ymin>
			<xmax>615</xmax>
			<ymax>85</ymax>
		</bndbox>
	</object>
	<object>
		<name>graffiti</name>
		<pose>Unspecified</pose>
		<truncated>0</truncated>
		<difficult>0</difficult>
		<bndbox>
			<xmin>360</xmin>
			<ymin>237</ymin>
			<xmax>435</xmax>
			<ymax>331</ymax>
		</bndbox>
	</object>
	<object>
		<name>graffiti</name>
		<pose>Unspecified</pose>
		<truncated>0</truncated>
		<difficult>0</difficult>
		<bndbox>
			<xmin>445</xmin>
			<ymin>249</ymin>
			<xmax>543</xmax>
			<ymax>327</ymax>
		</bndbox>
	</object>
	<object>
		<name>bicicle</name>
		<pose>Unspecified</pose>
		<truncated>0</truncated>
		<difficult>0</difficult>
		<bndbox>
			<xmin>64</xmin>
			<ymin>352</ymin>
			<xmax>174</xmax>
			<ymax>392</ymax>
		</bndbox>
	</object>
	<object>
		<name>person</name>
		<pose>Unspecified</pose>
		<truncated>0</truncated>
		<difficult>0</difficult>
		<bndbox>
			<xmin>101</xmin>
			<ymin>296</ymin>
			<xmax>142</xmax>
			<ymax>365</ymax>
		</bndbox>
	</object>
	<object>
		<name>sign</name>
		<pose>Unspecified</pose>
		<truncated>0</truncated>
		<difficult>0</difficult>
		<bndbox>
			<xmin>11</xmin>
			<ymin>198</ymin>
			<xmax>52</xmax>
			<ymax>243</ymax>
		</bndbox>
	</object>
	<object>
		<name>sky</name>
		<pose>Unspecified</pose>
		<truncated>1</truncated>
		<difficult>0</difficult>
		<bndbox>
			<xmin>7</xmin>
			<ymin>1</ymin>
			<xmax>194</xmax>
			<ymax>163</ymax>
		</bndbox>
	</object>
	<object>
		<name>bridge</name>
		<pose>Unspecified</pose>
		<truncated>1</truncated>
		<difficult>0</difficult>
		<bndbox>
			<xmin>1</xmin>
			<ymin>31</ymin>
			<xmax>152</xmax>
			<ymax>214</ymax>
		</bndbox>
	</object>
	<object>
		<name>crosswalk</name>
		<pose>Unspecified</pose>
		<truncated>1</truncated>
		<difficult>0</difficult>
		<bndbox>
			<xmin>284</xmin>
			<ymin>358</ymin>
			<xmax>640</xmax>
			<ymax>405</ymax>
		</bndbox>
	</object>
	<object>
		<name>sidewalk</name>
		<pose>Unspecified</pose>
		<truncated>0</truncated>
		<difficult>0</difficult>
		<bndbox>
			<xmin>192</xmin>
			<ymin>315</ymin>
			<xmax>634</xmax>
			<ymax>376</ymax>
		</bndbox>
	</object>
</annotation>
