<annotation verified="yes">
	<folder>object_detection</folder>
	<filename>151g7URuU0okFJLR_mAZtdnzQpEZfE3iE.jpg</filename>
	<path>/object_detection/151g7URuU0okFJLR_mAZtdnzQpEZfE3iE.jpg</path>
	<source>
		<database>Unknown</database>
	</source>
	<size>
		<width>500</width>
		<height>333</height>
		<depth>3</depth>
	</size>
	<segmented>0</segmented>
	<object>
		<name>policeman</name>
		<pose>Unspecified</pose>
		<truncated>1</truncated>
		<difficult>0</difficult>
		<bndbox>
			<xmin>421</xmin>
			<ymin>177</ymin>
			<xmax>500</xmax>
			<ymax>333</ymax>
		</bndbox>
	</object>
	<object>
		<name>policeman</name>
		<pose>Unspecified</pose>
		<truncated>0</truncated>
		<difficult>0</difficult>
		<bndbox>
			<xmin>354</xmin>
			<ymin>173</ymin>
			<xmax>422</xmax>
			<ymax>277</ymax>
		</bndbox>
	</object>
	<object>
		<name>policeman</name>
		<pose>Unspecified</pose>
		<truncated>0</truncated>
		<difficult>0</difficult>
		<bndbox>
			<xmin>184</xmin>
			<ymin>162</ymin>
			<xmax>251</xmax>
			<ymax>258</ymax>
		</bndbox>
	</object>
	<object>
		<name>person</name>
		<pose>Unspecified</pose>
		<truncated>0</truncated>
		<difficult>0</difficult>
		<bndbox>
			<xmin>198</xmin>
			<ymin>177</ymin>
			<xmax>397</xmax>
			<ymax>325</ymax>
		</bndbox>
	</object>
	<object>
		<name>person</name>
		<pose>Unspecified</pose>
		<truncated>0</truncated>
		<difficult>0</difficult>
		<bndbox>
			<xmin>73</xmin>
			<ymin>122</ymin>
			<xmax>205</xmax>
			<ymax>295</ymax>
		</bndbox>
	</object>
	<object>
		<name>person</name>
		<pose>Unspecified</pose>
		<truncated>1</truncated>
		<difficult>0</difficult>
		<bndbox>
			<xmin>1</xmin>
			<ymin>176</ymin>
			<xmax>83</xmax>
			<ymax>333</ymax>
		</bndbox>
	</object>
</annotation>
