<annotation verified="yes">
	<folder>object_detection</folder>
	<filename>151ZUmfbE2cF0pj3UTPneHHnyGDDv2j4R.jpg</filename>
	<path>/object_detection/151ZUmfbE2cF0pj3UTPneHHnyGDDv2j4R.jpg</path>
	<source>
		<database>Unknown</database>
	</source>
	<size>
		<width>500</width>
		<height>375</height>
		<depth>3</depth>
	</size>
	<segmented>0</segmented>
	<object>
		<name>tree</name>
		<pose>Unspecified</pose>
		<truncated>0</truncated>
		<difficult>0</difficult>
		<bndbox>
			<xmin>66</xmin>
			<ymin>120</ymin>
			<xmax>195</xmax>
			<ymax>215</ymax>
		</bndbox>
	</object>
	<object>
		<name>tree</name>
		<pose>Unspecified</pose>
		<truncated>0</truncated>
		<difficult>0</difficult>
		<bndbox>
			<xmin>330</xmin>
			<ymin>24</ymin>
			<xmax>463</xmax>
			<ymax>127</ymax>
		</bndbox>
	</object>
	<object>
		<name>grass</name>
		<pose>Unspecified</pose>
		<truncated>1</truncated>
		<difficult>0</difficult>
		<bndbox>
			<xmin>282</xmin>
			<ymin>84</ymin>
			<xmax>500</xmax>
			<ymax>362</ymax>
		</bndbox>
	</object>
	<object>
		<name>road</name>
		<pose>Unspecified</pose>
		<truncated>1</truncated>
		<difficult>0</difficult>
		<bndbox>
			<xmin>1</xmin>
			<ymin>192</ymin>
			<xmax>408</xmax>
			<ymax>375</ymax>
		</bndbox>
	</object>
	<object>
		<name>sky</name>
		<pose>Unspecified</pose>
		<truncated>1</truncated>
		<difficult>0</difficult>
		<bndbox>
			<xmin>6</xmin>
			<ymin>1</ymin>
			<xmax>479</xmax>
			<ymax>188</ymax>
		</bndbox>
	</object>
</annotation>
