<annotation verified="yes">
	<folder>object_detection</folder>
	<filename>15309qciG_ocOMrvzsa-kyL8n4YvCraII.jpg</filename>
	<path>/object_detection/15309qciG_ocOMrvzsa-kyL8n4YvCraII.jpg</path>
	<source>
		<database>Unknown</database>
	</source>
	<size>
		<width>640</width>
		<height>640</height>
		<depth>1</depth>
	</size>
	<segmented>0</segmented>
	<object>
		<name>sky</name>
		<pose>Unspecified</pose>
		<truncated>1</truncated>
		<difficult>0</difficult>
		<bndbox>
			<xmin>1</xmin>
			<ymin>1</ymin>
			<xmax>634</xmax>
			<ymax>636</ymax>
		</bndbox>
	</object>
	<object>
		<name>power pole</name>
		<pose>Unspecified</pose>
		<truncated>1</truncated>
		<difficult>0</difficult>
		<bndbox>
			<xmin>471</xmin>
			<ymin>314</ymin>
			<xmax>556</xmax>
			<ymax>640</ymax>
		</bndbox>
	</object>
</annotation>
