<annotation verified="yes">
	<folder>object_detection</folder>
	<filename>15481sgBEQkUtgnlcEH_DwSRXYnZrmi5i.jpg</filename>
	<path>/object_detection/15481sgBEQkUtgnlcEH_DwSRXYnZrmi5i.jpg</path>
	<source>
		<database>Unknown</database>
	</source>
	<size>
		<width>640</width>
		<height>640</height>
		<depth>3</depth>
	</size>
	<segmented>0</segmented>
	<object>
		<name>building</name>
		<pose>Unspecified</pose>
		<truncated>1</truncated>
		<difficult>0</difficult>
		<bndbox>
			<xmin>8</xmin>
			<ymin>1</ymin>
			<xmax>639</xmax>
			<ymax>630</ymax>
		</bndbox>
	</object>
	<object>
		<name>graffiti</name>
		<pose>Unspecified</pose>
		<truncated>0</truncated>
		<difficult>0</difficult>
		<bndbox>
			<xmin>69</xmin>
			<ymin>65</ymin>
			<xmax>540</xmax>
			<ymax>622</ymax>
		</bndbox>
	</object>
	<object>
		<name>sky</name>
		<pose>Unspecified</pose>
		<truncated>1</truncated>
		<difficult>0</difficult>
		<bndbox>
			<xmin>5</xmin>
			<ymin>1</ymin>
			<xmax>283</xmax>
			<ymax>199</ymax>
		</bndbox>
	</object>
</annotation>
