<annotation verified="yes">
	<folder>object_detection</folder>
	<filename>154KLdeq-YVIlZ9aYG6gP4gehJroQmEPw.jpg</filename>
	<path>/object_detection/154KLdeq-YVIlZ9aYG6gP4gehJroQmEPw.jpg</path>
	<source>
		<database>Unknown</database>
	</source>
	<size>
		<width>500</width>
		<height>331</height>
		<depth>3</depth>
	</size>
	<segmented>0</segmented>
	<object>
		<name>policeman</name>
		<pose>Unspecified</pose>
		<truncated>1</truncated>
		<difficult>0</difficult>
		<bndbox>
			<xmin>185</xmin>
			<ymin>175</ymin>
			<xmax>296</xmax>
			<ymax>331</ymax>
		</bndbox>
	</object>
	<object>
		<name>policeman</name>
		<pose>Unspecified</pose>
		<truncated>0</truncated>
		<difficult>0</difficult>
		<bndbox>
			<xmin>361</xmin>
			<ymin>107</ymin>
			<xmax>460</xmax>
			<ymax>330</ymax>
		</bndbox>
	</object>
	<object>
		<name>policeman</name>
		<pose>Unspecified</pose>
		<truncated>0</truncated>
		<difficult>0</difficult>
		<bndbox>
			<xmin>433</xmin>
			<ymin>89</ymin>
			<xmax>485</xmax>
			<ymax>259</ymax>
		</bndbox>
	</object>
	<object>
		<name>policeman</name>
		<pose>Unspecified</pose>
		<truncated>0</truncated>
		<difficult>0</difficult>
		<bndbox>
			<xmin>399</xmin>
			<ymin>88</ymin>
			<xmax>442</xmax>
			<ymax>158</ymax>
		</bndbox>
	</object>
	<object>
		<name>policeman</name>
		<pose>Unspecified</pose>
		<truncated>0</truncated>
		<difficult>0</difficult>
		<bndbox>
			<xmin>339</xmin>
			<ymin>106</ymin>
			<xmax>372</xmax>
			<ymax>225</ymax>
		</bndbox>
	</object>
	<object>
		<name>policeman</name>
		<pose>Unspecified</pose>
		<truncated>0</truncated>
		<difficult>0</difficult>
		<bndbox>
			<xmin>250</xmin>
			<ymin>131</ymin>
			<xmax>302</xmax>
			<ymax>230</ymax>
		</bndbox>
	</object>
	<object>
		<name>policeman</name>
		<pose>Unspecified</pose>
		<truncated>0</truncated>
		<difficult>0</difficult>
		<bndbox>
			<xmin>215</xmin>
			<ymin>148</ymin>
			<xmax>262</xmax>
			<ymax>205</ymax>
		</bndbox>
	</object>
	<object>
		<name>policeman</name>
		<pose>Unspecified</pose>
		<truncated>0</truncated>
		<difficult>0</difficult>
		<bndbox>
			<xmin>144</xmin>
			<ymin>153</ymin>
			<xmax>200</xmax>
			<ymax>255</ymax>
		</bndbox>
	</object>
	<object>
		<name>policeman</name>
		<pose>Unspecified</pose>
		<truncated>0</truncated>
		<difficult>0</difficult>
		<bndbox>
			<xmin>82</xmin>
			<ymin>160</ymin>
			<xmax>140</xmax>
			<ymax>260</ymax>
		</bndbox>
	</object>
	<object>
		<name>tree</name>
		<pose>Unspecified</pose>
		<truncated>1</truncated>
		<difficult>0</difficult>
		<bndbox>
			<xmin>1</xmin>
			<ymin>1</ymin>
			<xmax>128</xmax>
			<ymax>274</ymax>
		</bndbox>
	</object>
	<object>
		<name>tree</name>
		<pose>Unspecified</pose>
		<truncated>1</truncated>
		<difficult>0</difficult>
		<bndbox>
			<xmin>173</xmin>
			<ymin>1</ymin>
			<xmax>308</xmax>
			<ymax>125</ymax>
		</bndbox>
	</object>
</annotation>
