<annotation verified="yes">
	<folder>object_detection</folder>
	<filename>155ql4r9fL4eH030L-xoDuMbTe9fg3yEo.jpg</filename>
	<path>/object_detection/155ql4r9fL4eH030L-xoDuMbTe9fg3yEo.jpg</path>
	<source>
		<database>Unknown</database>
	</source>
	<size>
		<width>454</width>
		<height>454</height>
		<depth>3</depth>
	</size>
	<segmented>0</segmented>
	<object>
		<name>tree</name>
		<pose>Unspecified</pose>
		<truncated>1</truncated>
		<difficult>0</difficult>
		<bndbox>
			<xmin>169</xmin>
			<ymin>87</ymin>
			<xmax>454</xmax>
			<ymax>418</ymax>
		</bndbox>
	</object>
	<object>
		<name>building</name>
		<pose>Unspecified</pose>
		<truncated>1</truncated>
		<difficult>0</difficult>
		<bndbox>
			<xmin>5</xmin>
			<ymin>150</ymin>
			<xmax>316</xmax>
			<ymax>454</ymax>
		</bndbox>
	</object>
	<object>
		<name>sky</name>
		<pose>Unspecified</pose>
		<truncated>1</truncated>
		<difficult>0</difficult>
		<bndbox>
			<xmin>2</xmin>
			<ymin>5</ymin>
			<xmax>454</xmax>
			<ymax>272</ymax>
		</bndbox>
	</object>
	<object>
		<name>tree</name>
		<pose>Unspecified</pose>
		<truncated>0</truncated>
		<difficult>0</difficult>
		<bndbox>
			<xmin>242</xmin>
			<ymin>315</ymin>
			<xmax>349</xmax>
			<ymax>414</ymax>
		</bndbox>
	</object>
</annotation>
