<annotation verified="yes">
	<folder>object_detection</folder>
	<filename>156z7gJY6-zKOss4LH-8_iB6jHcqSs8XM.jpg</filename>
	<path>/object_detection/156z7gJY6-zKOss4LH-8_iB6jHcqSs8XM.jpg</path>
	<source>
		<database>Unknown</database>
	</source>
	<size>
		<width>640</width>
		<height>384</height>
		<depth>3</depth>
	</size>
	<segmented>0</segmented>
	<object>
		<name>waterfall</name>
		<pose>Unspecified</pose>
		<truncated>0</truncated>
		<difficult>0</difficult>
		<bndbox>
			<xmin>105</xmin>
			<ymin>7</ymin>
			<xmax>465</xmax>
			<ymax>287</ymax>
		</bndbox>
	</object>
	<object>
		<name>rocks</name>
		<pose>Unspecified</pose>
		<truncated>1</truncated>
		<difficult>0</difficult>
		<bndbox>
			<xmin>1</xmin>
			<ymin>200</ymin>
			<xmax>601</xmax>
			<ymax>384</ymax>
		</bndbox>
	</object>
</annotation>
