<annotation verified="yes">
	<folder>object_detection</folder>
	<filename>157srXAiNPr3wgM1bTlvyWx2SNetn7wKh.jpg</filename>
	<path>/object_detection/157srXAiNPr3wgM1bTlvyWx2SNetn7wKh.jpg</path>
	<source>
		<database>Unknown</database>
	</source>
	<size>
		<width>500</width>
		<height>279</height>
		<depth>3</depth>
	</size>
	<segmented>0</segmented>
	<object>
		<name>graffiti</name>
		<pose>Unspecified</pose>
		<truncated>0</truncated>
		<difficult>0</difficult>
		<bndbox>
			<xmin>136</xmin>
			<ymin>60</ymin>
			<xmax>207</xmax>
			<ymax>169</ymax>
		</bndbox>
	</object>
	<object>
		<name>wall</name>
		<pose>Unspecified</pose>
		<truncated>1</truncated>
		<difficult>0</difficult>
		<bndbox>
			<xmin>1</xmin>
			<ymin>1</ymin>
			<xmax>498</xmax>
			<ymax>277</ymax>
		</bndbox>
	</object>
</annotation>
