<annotation verified="yes">
	<folder>object_detection</folder>
	<filename>15_ajvhIBMP_15tAA7YOh_EJMOa7rEx2I.jpg</filename>
	<path>/object_detection/15_ajvhIBMP_15tAA7YOh_EJMOa7rEx2I.jpg</path>
	<source>
		<database>Unknown</database>
	</source>
	<size>
		<width>500</width>
		<height>333</height>
		<depth>3</depth>
	</size>
	<segmented>0</segmented>
	<object>
		<name>soldier</name>
		<pose>Unspecified</pose>
		<truncated>1</truncated>
		<difficult>0</difficult>
		<bndbox>
			<xmin>72</xmin>
			<ymin>109</ymin>
			<xmax>257</xmax>
			<ymax>333</ymax>
		</bndbox>
	</object>
	<object>
		<name>soldier</name>
		<pose>Unspecified</pose>
		<truncated>1</truncated>
		<difficult>0</difficult>
		<bndbox>
			<xmin>309</xmin>
			<ymin>102</ymin>
			<xmax>433</xmax>
			<ymax>333</ymax>
		</bndbox>
	</object>
	<object>
		<name>soldier</name>
		<pose>Unspecified</pose>
		<truncated>1</truncated>
		<difficult>0</difficult>
		<bndbox>
			<xmin>426</xmin>
			<ymin>100</ymin>
			<xmax>500</xmax>
			<ymax>306</ymax>
		</bndbox>
	</object>
	<object>
		<name>weapon</name>
		<pose>Unspecified</pose>
		<truncated>0</truncated>
		<difficult>0</difficult>
		<bndbox>
			<xmin>296</xmin>
			<ymin>177</ymin>
			<xmax>346</xmax>
			<ymax>329</ymax>
		</bndbox>
	</object>
	<object>
		<name>sky</name>
		<pose>Unspecified</pose>
		<truncated>1</truncated>
		<difficult>0</difficult>
		<bndbox>
			<xmin>1</xmin>
			<ymin>1</ymin>
			<xmax>500</xmax>
			<ymax>94</ymax>
		</bndbox>
	</object>
	<object>
		<name>sea</name>
		<pose>Unspecified</pose>
		<truncated>1</truncated>
		<difficult>0</difficult>
		<bndbox>
			<xmin>1</xmin>
			<ymin>100</ymin>
			<xmax>335</xmax>
			<ymax>185</ymax>
		</bndbox>
	</object>
</annotation>
