<annotation verified="yes">
	<folder>object_detection</folder>
	<filename>15ct5hHPXPdZ5BRrobM75UovUIKPqdejx.jpg</filename>
	<path>/object_detection/15ct5hHPXPdZ5BRrobM75UovUIKPqdejx.jpg</path>
	<source>
		<database>Unknown</database>
	</source>
	<size>
		<width>640</width>
		<height>640</height>
		<depth>3</depth>
	</size>
	<segmented>0</segmented>
	<object>
		<name>building</name>
		<pose>Unspecified</pose>
		<truncated>0</truncated>
		<difficult>0</difficult>
		<bndbox>
			<xmin>120</xmin>
			<ymin>66</ymin>
			<xmax>580</xmax>
			<ymax>497</ymax>
		</bndbox>
	</object>
	<object>
		<name>train</name>
		<pose>Unspecified</pose>
		<truncated>0</truncated>
		<difficult>0</difficult>
		<bndbox>
			<xmin>132</xmin>
			<ymin>180</ymin>
			<xmax>587</xmax>
			<ymax>521</ymax>
		</bndbox>
	</object>
	<object>
		<name>sky</name>
		<pose>Unspecified</pose>
		<truncated>1</truncated>
		<difficult>0</difficult>
		<bndbox>
			<xmin>1</xmin>
			<ymin>1</ymin>
			<xmax>622</xmax>
			<ymax>175</ymax>
		</bndbox>
	</object>
</annotation>
