<annotation verified="yes">
	<folder>object_detection</folder>
	<filename>15DLmMnoF5tcHFnAUYzG6uhreh9lGq9Q_.jpg</filename>
	<path>/object_detection/15DLmMnoF5tcHFnAUYzG6uhreh9lGq9Q_.jpg</path>
	<source>
		<database>Unknown</database>
	</source>
	<size>
		<width>500</width>
		<height>332</height>
		<depth>3</depth>
	</size>
	<segmented>0</segmented>
	<object>
		<name>building</name>
		<pose>Unspecified</pose>
		<truncated>1</truncated>
		<difficult>0</difficult>
		<bndbox>
			<xmin>1</xmin>
			<ymin>1</ymin>
			<xmax>476</xmax>
			<ymax>312</ymax>
		</bndbox>
	</object>
	<object>
		<name>sky</name>
		<pose>Unspecified</pose>
		<truncated>1</truncated>
		<difficult>0</difficult>
		<bndbox>
			<xmin>10</xmin>
			<ymin>1</ymin>
			<xmax>496</xmax>
			<ymax>125</ymax>
		</bndbox>
	</object>
	<object>
		<name>tree</name>
		<pose>Unspecified</pose>
		<truncated>1</truncated>
		<difficult>0</difficult>
		<bndbox>
			<xmin>1</xmin>
			<ymin>264</ymin>
			<xmax>97</xmax>
			<ymax>332</ymax>
		</bndbox>
	</object>
</annotation>
