<annotation verified="yes">
	<folder>object_detection</folder>
	<filename>15docVZ1Tzlbi-IV49ImR_Wdf_ZcmD9jS.jpg</filename>
	<path>/object_detection/15docVZ1Tzlbi-IV49ImR_Wdf_ZcmD9jS.jpg</path>
	<source>
		<database>Unknown</database>
	</source>
	<size>
		<width>499</width>
		<height>333</height>
		<depth>3</depth>
	</size>
	<segmented>0</segmented>
	<object>
		<name>door</name>
		<pose>Unspecified</pose>
		<truncated>0</truncated>
		<difficult>0</difficult>
		<bndbox>
			<xmin>179</xmin>
			<ymin>112</ymin>
			<xmax>347</xmax>
			<ymax>282</ymax>
		</bndbox>
	</object>
	<object>
		<name>wall</name>
		<pose>Unspecified</pose>
		<truncated>1</truncated>
		<difficult>0</difficult>
		<bndbox>
			<xmin>1</xmin>
			<ymin>1</ymin>
			<xmax>163</xmax>
			<ymax>279</ymax>
		</bndbox>
	</object>
	<object>
		<name>wall</name>
		<pose>Unspecified</pose>
		<truncated>1</truncated>
		<difficult>0</difficult>
		<bndbox>
			<xmin>348</xmin>
			<ymin>1</ymin>
			<xmax>499</xmax>
			<ymax>290</ymax>
		</bndbox>
	</object>
</annotation>
