<annotation verified="yes">
	<folder>object_detection</folder>
	<filename>15EnbQhCCdNVCIovju7pXwc1kSsRy4y9D.jpg</filename>
	<path>/object_detection/15EnbQhCCdNVCIovju7pXwc1kSsRy4y9D.jpg</path>
	<source>
		<database>Unknown</database>
	</source>
	<size>
		<width>500</width>
		<height>331</height>
		<depth>3</depth>
	</size>
	<segmented>0</segmented>
	<object>
		<name>tree</name>
		<pose>Unspecified</pose>
		<truncated>0</truncated>
		<difficult>0</difficult>
		<bndbox>
			<xmin>154</xmin>
			<ymin>38</ymin>
			<xmax>434</xmax>
			<ymax>214</ymax>
		</bndbox>
	</object>
	<object>
		<name>street</name>
		<pose>Unspecified</pose>
		<truncated>1</truncated>
		<difficult>0</difficult>
		<bndbox>
			<xmin>11</xmin>
			<ymin>212</ymin>
			<xmax>459</xmax>
			<ymax>331</ymax>
		</bndbox>
	</object>
	<object>
		<name>light pole</name>
		<pose>Unspecified</pose>
		<truncated>0</truncated>
		<difficult>0</difficult>
		<bndbox>
			<xmin>232</xmin>
			<ymin>106</ymin>
			<xmax>273</xmax>
			<ymax>233</ymax>
		</bndbox>
	</object>
	<object>
		<name>light pole</name>
		<pose>Unspecified</pose>
		<truncated>0</truncated>
		<difficult>0</difficult>
		<bndbox>
			<xmin>83</xmin>
			<ymin>160</ymin>
			<xmax>103</xmax>
			<ymax>205</ymax>
		</bndbox>
	</object>
</annotation>
