<annotation verified="yes">
	<folder>object_detection</folder>
	<filename>15FxiLjDtoiI9Ds1dJITO3P52JrbQfsXT.jpg</filename>
	<path>/object_detection/15FxiLjDtoiI9Ds1dJITO3P52JrbQfsXT.jpg</path>
	<source>
		<database>Unknown</database>
	</source>
	<size>
		<width>640</width>
		<height>640</height>
		<depth>3</depth>
	</size>
	<segmented>0</segmented>
	<object>
		<name>truck</name>
		<pose>Unspecified</pose>
		<truncated>1</truncated>
		<difficult>0</difficult>
		<bndbox>
			<xmin>22</xmin>
			<ymin>36</ymin>
			<xmax>640</xmax>
			<ymax>597</ymax>
		</bndbox>
	</object>
	<object>
		<name>tree</name>
		<pose>Unspecified</pose>
		<truncated>1</truncated>
		<difficult>0</difficult>
		<bndbox>
			<xmin>1</xmin>
			<ymin>16</ymin>
			<xmax>238</xmax>
			<ymax>234</ymax>
		</bndbox>
	</object>
</annotation>
