<annotation verified="yes">
	<folder>object_detection</folder>
	<filename>15fyAv59dUiuVYTANckwBN6EGiLQIuNfC.jpg</filename>
	<path>/object_detection/15fyAv59dUiuVYTANckwBN6EGiLQIuNfC.jpg</path>
	<source>
		<database>Unknown</database>
	</source>
	<size>
		<width>499</width>
		<height>333</height>
		<depth>3</depth>
	</size>
	<segmented>0</segmented>
	<object>
		<name>animal</name>
		<pose>Unspecified</pose>
		<truncated>0</truncated>
		<difficult>0</difficult>
		<bndbox>
			<xmin>310</xmin>
			<ymin>195</ymin>
			<xmax>359</xmax>
			<ymax>256</ymax>
		</bndbox>
	</object>
	<object>
		<name>animal</name>
		<pose>Unspecified</pose>
		<truncated>0</truncated>
		<difficult>0</difficult>
		<bndbox>
			<xmin>235</xmin>
			<ymin>189</ymin>
			<xmax>279</xmax>
			<ymax>244</ymax>
		</bndbox>
	</object>
	<object>
		<name>animal</name>
		<pose>Unspecified</pose>
		<truncated>0</truncated>
		<difficult>0</difficult>
		<bndbox>
			<xmin>136</xmin>
			<ymin>173</ymin>
			<xmax>193</xmax>
			<ymax>237</ymax>
		</bndbox>
	</object>
</annotation>
