<annotation verified="yes">
	<folder>object_detection</folder>
	<filename>15gCLj7DxAOgkno7DwhMJ7WsaK--OSIMP.jpg</filename>
	<path>/object_detection/15gCLj7DxAOgkno7DwhMJ7WsaK--OSIMP.jpg</path>
	<source>
		<database>Unknown</database>
	</source>
	<size>
		<width>322</width>
		<height>500</height>
		<depth>3</depth>
	</size>
	<segmented>0</segmented>
	<object>
		<name>policeman</name>
		<pose>Unspecified</pose>
		<truncated>0</truncated>
		<difficult>0</difficult>
		<bndbox>
			<xmin>86</xmin>
			<ymin>29</ymin>
			<xmax>298</xmax>
			<ymax>473</ymax>
		</bndbox>
	</object>
	<object>
		<name>weapon</name>
		<pose>Unspecified</pose>
		<truncated>0</truncated>
		<difficult>0</difficult>
		<bndbox>
			<xmin>46</xmin>
			<ymin>305</ymin>
			<xmax>144</xmax>
			<ymax>429</ymax>
		</bndbox>
	</object>
	<object>
		<name>tree</name>
		<pose>Unspecified</pose>
		<truncated>1</truncated>
		<difficult>0</difficult>
		<bndbox>
			<xmin>9</xmin>
			<ymin>1</ymin>
			<xmax>207</xmax>
			<ymax>356</ymax>
		</bndbox>
	</object>
</annotation>
