<annotation verified="yes">
	<folder>object_detection</folder>
	<filename>15GoSJgG4X4k3aQd9bUcVv5dd7L5x8W7f.jpg</filename>
	<path>/object_detection/15GoSJgG4X4k3aQd9bUcVv5dd7L5x8W7f.jpg</path>
	<source>
		<database>Unknown</database>
	</source>
	<size>
		<width>500</width>
		<height>331</height>
		<depth>3</depth>
	</size>
	<segmented>0</segmented>
	<object>
		<name>tree</name>
		<pose>Unspecified</pose>
		<truncated>1</truncated>
		<difficult>0</difficult>
		<bndbox>
			<xmin>285</xmin>
			<ymin>1</ymin>
			<xmax>452</xmax>
			<ymax>229</ymax>
		</bndbox>
	</object>
	<object>
		<name>vegetation</name>
		<pose>Unspecified</pose>
		<truncated>1</truncated>
		<difficult>0</difficult>
		<bndbox>
			<xmin>1</xmin>
			<ymin>1</ymin>
			<xmax>305</xmax>
			<ymax>165</ymax>
		</bndbox>
	</object>
	<object>
		<name>vegetation</name>
		<pose>Unspecified</pose>
		<truncated>1</truncated>
		<difficult>0</difficult>
		<bndbox>
			<xmin>404</xmin>
			<ymin>1</ymin>
			<xmax>500</xmax>
			<ymax>127</ymax>
		</bndbox>
	</object>
	<object>
		<name>vegetation</name>
		<pose>Unspecified</pose>
		<truncated>1</truncated>
		<difficult>0</difficult>
		<bndbox>
			<xmin>74</xmin>
			<ymin>205</ymin>
			<xmax>362</xmax>
			<ymax>331</ymax>
		</bndbox>
	</object>
	<object>
		<name>river</name>
		<pose>Unspecified</pose>
		<truncated>0</truncated>
		<difficult>0</difficult>
		<bndbox>
			<xmin>36</xmin>
			<ymin>176</ymin>
			<xmax>324</xmax>
			<ymax>295</ymax>
		</bndbox>
	</object>
</annotation>
