<annotation verified="yes">
	<folder>object_detection</folder>
	<filename>15GRZF2A9a2GoXEODm3gNXeNisKbkXx1x.jpg</filename>
	<path>/object_detection/15GRZF2A9a2GoXEODm3gNXeNisKbkXx1x.jpg</path>
	<source>
		<database>Unknown</database>
	</source>
	<size>
		<width>640</width>
		<height>424</height>
		<depth>3</depth>
	</size>
	<segmented>0</segmented>
	<object>
		<name>building</name>
		<pose>Unspecified</pose>
		<truncated>0</truncated>
		<difficult>0</difficult>
		<bndbox>
			<xmin>311</xmin>
			<ymin>59</ymin>
			<xmax>638</xmax>
			<ymax>244</ymax>
		</bndbox>
	</object>
	<object>
		<name>tree</name>
		<pose>Unspecified</pose>
		<truncated>0</truncated>
		<difficult>0</difficult>
		<bndbox>
			<xmin>127</xmin>
			<ymin>4</ymin>
			<xmax>287</xmax>
			<ymax>241</ymax>
		</bndbox>
	</object>
	<object>
		<name>train</name>
		<pose>Unspecified</pose>
		<truncated>1</truncated>
		<difficult>0</difficult>
		<bndbox>
			<xmin>41</xmin>
			<ymin>209</ymin>
			<xmax>640</xmax>
			<ymax>423</ymax>
		</bndbox>
	</object>
	<object>
		<name>person</name>
		<pose>Unspecified</pose>
		<truncated>0</truncated>
		<difficult>0</difficult>
		<bndbox>
			<xmin>26</xmin>
			<ymin>93</ymin>
			<xmax>63</xmax>
			<ymax>156</ymax>
		</bndbox>
	</object>
	<object>
		<name>sidewalk</name>
		<pose>Unspecified</pose>
		<truncated>1</truncated>
		<difficult>0</difficult>
		<bndbox>
			<xmin>1</xmin>
			<ymin>1</ymin>
			<xmax>222</xmax>
			<ymax>208</ymax>
		</bndbox>
	</object>
	<object>
		<name>crosswalk</name>
		<pose>Unspecified</pose>
		<truncated>1</truncated>
		<difficult>0</difficult>
		<bndbox>
			<xmin>332</xmin>
			<ymin>1</ymin>
			<xmax>527</xmax>
			<ymax>57</ymax>
		</bndbox>
	</object>
</annotation>
