<annotation verified="yes">
	<folder>object_detection</folder>
	<filename>15IxfOQtQkuki0gMifpAZifjr_v4B-jZO.jpg</filename>
	<path>/object_detection/15IxfOQtQkuki0gMifpAZifjr_v4B-jZO.jpg</path>
	<source>
		<database>Unknown</database>
	</source>
	<size>
		<width>500</width>
		<height>375</height>
		<depth>3</depth>
	</size>
	<segmented>0</segmented>
	<object>
		<name>boat</name>
		<pose>Unspecified</pose>
		<truncated>1</truncated>
		<difficult>0</difficult>
		<bndbox>
			<xmin>85</xmin>
			<ymin>84</ymin>
			<xmax>500</xmax>
			<ymax>281</ymax>
		</bndbox>
	</object>
	<object>
		<name>weapon</name>
		<pose>Unspecified</pose>
		<truncated>0</truncated>
		<difficult>0</difficult>
		<bndbox>
			<xmin>125</xmin>
			<ymin>88</ymin>
			<xmax>356</xmax>
			<ymax>174</ymax>
		</bndbox>
	</object>
	<object>
		<name>building</name>
		<pose>Unspecified</pose>
		<truncated>1</truncated>
		<difficult>0</difficult>
		<bndbox>
			<xmin>1</xmin>
			<ymin>1</ymin>
			<xmax>290</xmax>
			<ymax>32</ymax>
		</bndbox>
	</object>
</annotation>
