<annotation verified="yes">
	<folder>object_detection</folder>
	<filename>15l6BA66z7UEF0BFD6gwyNYUZcFVSwrsT.jpg</filename>
	<path>/object_detection/15l6BA66z7UEF0BFD6gwyNYUZcFVSwrsT.jpg</path>
	<source>
		<database>Unknown</database>
	</source>
	<size>
		<width>640</width>
		<height>480</height>
		<depth>1</depth>
	</size>
	<segmented>0</segmented>
	<object>
		<name>sign</name>
		<pose>Unspecified</pose>
		<truncated>0</truncated>
		<difficult>0</difficult>
		<bndbox>
			<xmin>227</xmin>
			<ymin>61</ymin>
			<xmax>564</xmax>
			<ymax>231</ymax>
		</bndbox>
	</object>
	<object>
		<name>bicicle</name>
		<pose>Unspecified</pose>
		<truncated>1</truncated>
		<difficult>0</difficult>
		<bndbox>
			<xmin>1</xmin>
			<ymin>316</ymin>
			<xmax>324</xmax>
			<ymax>480</ymax>
		</bndbox>
	</object>
	<object>
		<name>bicicle</name>
		<pose>Unspecified</pose>
		<truncated>0</truncated>
		<difficult>0</difficult>
		<bndbox>
			<xmin>469</xmin>
			<ymin>265</ymin>
			<xmax>638</xmax>
			<ymax>472</ymax>
		</bndbox>
	</object>
	<object>
		<name>door</name>
		<pose>Unspecified</pose>
		<truncated>0</truncated>
		<difficult>0</difficult>
		<bndbox>
			<xmin>238</xmin>
			<ymin>156</ymin>
			<xmax>376</xmax>
			<ymax>421</ymax>
		</bndbox>
	</object>
</annotation>
