<annotation verified="yes">
	<folder>object_detection</folder>
	<filename>15LjjIL2yIsoVNTkvhommY8Rt-YHGrIK4.jpg</filename>
	<path>/object_detection/15LjjIL2yIsoVNTkvhommY8Rt-YHGrIK4.jpg</path>
	<source>
		<database>Unknown</database>
	</source>
	<size>
		<width>640</width>
		<height>640</height>
		<depth>3</depth>
	</size>
	<segmented>0</segmented>
	<object>
		<name>building</name>
		<pose>Unspecified</pose>
		<truncated>1</truncated>
		<difficult>0</difficult>
		<bndbox>
			<xmin>1</xmin>
			<ymin>15</ymin>
			<xmax>570</xmax>
			<ymax>640</ymax>
		</bndbox>
	</object>
	<object>
		<name>car</name>
		<pose>Unspecified</pose>
		<truncated>1</truncated>
		<difficult>0</difficult>
		<bndbox>
			<xmin>550</xmin>
			<ymin>345</ymin>
			<xmax>640</xmax>
			<ymax>410</ymax>
		</bndbox>
	</object>
	<object>
		<name>sky</name>
		<pose>Unspecified</pose>
		<truncated>1</truncated>
		<difficult>0</difficult>
		<bndbox>
			<xmin>590</xmin>
			<ymin>6</ymin>
			<xmax>640</xmax>
			<ymax>186</ymax>
		</bndbox>
	</object>
</annotation>
