<annotation verified="yes">
	<folder>object_detection</folder>
	<filename>15lLkR98Q1RyQxYZlmGWjPD95LKCQiH0n.jpg</filename>
	<path>/object_detection/15lLkR98Q1RyQxYZlmGWjPD95LKCQiH0n.jpg</path>
	<source>
		<database>Unknown</database>
	</source>
	<size>
		<width>500</width>
		<height>375</height>
		<depth>3</depth>
	</size>
	<segmented>0</segmented>
	<object>
		<name>trash</name>
		<pose>Unspecified</pose>
		<truncated>0</truncated>
		<difficult>0</difficult>
		<bndbox>
			<xmin>50</xmin>
			<ymin>103</ymin>
			<xmax>486</xmax>
			<ymax>299</ymax>
		</bndbox>
	</object>
	<object>
		<name>vegetation</name>
		<pose>Unspecified</pose>
		<truncated>1</truncated>
		<difficult>0</difficult>
		<bndbox>
			<xmin>186</xmin>
			<ymin>226</ymin>
			<xmax>366</xmax>
			<ymax>375</ymax>
		</bndbox>
	</object>
	<object>
		<name>vegetation</name>
		<pose>Unspecified</pose>
		<truncated>0</truncated>
		<difficult>0</difficult>
		<bndbox>
			<xmin>319</xmin>
			<ymin>14</ymin>
			<xmax>492</xmax>
			<ymax>195</ymax>
		</bndbox>
	</object>
</annotation>
