<annotation verified="yes">
	<folder>object_detection</folder>
	<filename>1_-J3qxiUkVMXQ2n3UuP4uxDOJtQBtAWH.jpg</filename>
	<path>/object_detection/1_-J3qxiUkVMXQ2n3UuP4uxDOJtQBtAWH.jpg</path>
	<source>
		<database>Unknown</database>
	</source>
	<size>
		<width>640</width>
		<height>480</height>
		<depth>3</depth>
	</size>
	<segmented>0</segmented>
	<object>
		<name>building</name>
		<pose>Unspecified</pose>
		<truncated>0</truncated>
		<difficult>0</difficult>
		<bndbox>
			<xmin>24</xmin>
			<ymin>112</ymin>
			<xmax>550</xmax>
			<ymax>363</ymax>
		</bndbox>
	</object>
	<object>
		<name>sky</name>
		<pose>Unspecified</pose>
		<truncated>1</truncated>
		<difficult>0</difficult>
		<bndbox>
			<xmin>1</xmin>
			<ymin>1</ymin>
			<xmax>633</xmax>
			<ymax>167</ymax>
		</bndbox>
	</object>
	<object>
		<name>person</name>
		<pose>Unspecified</pose>
		<truncated>0</truncated>
		<difficult>0</difficult>
		<bndbox>
			<xmin>125</xmin>
			<ymin>360</ymin>
			<xmax>171</xmax>
			<ymax>460</ymax>
		</bndbox>
	</object>
	<object>
		<name>person</name>
		<pose>Unspecified</pose>
		<truncated>0</truncated>
		<difficult>0</difficult>
		<bndbox>
			<xmin>172</xmin>
			<ymin>355</ymin>
			<xmax>214</xmax>
			<ymax>466</ymax>
		</bndbox>
	</object>
	<object>
		<name>person</name>
		<pose>Unspecified</pose>
		<truncated>0</truncated>
		<difficult>0</difficult>
		<bndbox>
			<xmin>339</xmin>
			<ymin>346</ymin>
			<xmax>362</xmax>
			<ymax>435</ymax>
		</bndbox>
	</object>
	<object>
		<name>person</name>
		<pose>Unspecified</pose>
		<truncated>0</truncated>
		<difficult>0</difficult>
		<bndbox>
			<xmin>374</xmin>
			<ymin>347</ymin>
			<xmax>397</xmax>
			<ymax>419</ymax>
		</bndbox>
	</object>
	<object>
		<name>person</name>
		<pose>Unspecified</pose>
		<truncated>0</truncated>
		<difficult>0</difficult>
		<bndbox>
			<xmin>457</xmin>
			<ymin>344</ymin>
			<xmax>480</xmax>
			<ymax>416</ymax>
		</bndbox>
	</object>
	<object>
		<name>person</name>
		<pose>Unspecified</pose>
		<truncated>0</truncated>
		<difficult>0</difficult>
		<bndbox>
			<xmin>475</xmin>
			<ymin>342</ymin>
			<xmax>498</xmax>
			<ymax>414</ymax>
		</bndbox>
	</object>
	<object>
		<name>person</name>
		<pose>Unspecified</pose>
		<truncated>0</truncated>
		<difficult>0</difficult>
		<bndbox>
			<xmin>512</xmin>
			<ymin>338</ymin>
			<xmax>535</xmax>
			<ymax>410</ymax>
		</bndbox>
	</object>
	<object>
		<name>person</name>
		<pose>Unspecified</pose>
		<truncated>0</truncated>
		<difficult>0</difficult>
		<bndbox>
			<xmin>551</xmin>
			<ymin>348</ymin>
			<xmax>574</xmax>
			<ymax>420</ymax>
		</bndbox>
	</object>
	<object>
		<name>person</name>
		<pose>Unspecified</pose>
		<truncated>1</truncated>
		<difficult>0</difficult>
		<bndbox>
			<xmin>618</xmin>
			<ymin>346</ymin>
			<xmax>640</xmax>
			<ymax>448</ymax>
		</bndbox>
	</object>
	<object>
		<name>bicicle</name>
		<pose>Unspecified</pose>
		<truncated>0</truncated>
		<difficult>0</difficult>
		<bndbox>
			<xmin>607</xmin>
			<ymin>390</ymin>
			<xmax>635</xmax>
			<ymax>427</ymax>
		</bndbox>
	</object>
	<object>
		<name>bicicle</name>
		<pose>Unspecified</pose>
		<truncated>0</truncated>
		<difficult>0</difficult>
		<bndbox>
			<xmin>531</xmin>
			<ymin>387</ymin>
			<xmax>587</xmax>
			<ymax>423</ymax>
		</bndbox>
	</object>
	<object>
		<name>bicicle</name>
		<pose>Unspecified</pose>
		<truncated>0</truncated>
		<difficult>0</difficult>
		<bndbox>
			<xmin>489</xmin>
			<ymin>381</ymin>
			<xmax>540</xmax>
			<ymax>414</ymax>
		</bndbox>
	</object>
	<object>
		<name>bicicle</name>
		<pose>Unspecified</pose>
		<truncated>0</truncated>
		<difficult>0</difficult>
		<bndbox>
			<xmin>450</xmin>
			<ymin>389</ymin>
			<xmax>494</xmax>
			<ymax>415</ymax>
		</bndbox>
	</object>
</annotation>
