<annotation verified="yes">
	<folder>object_detection</folder>
	<filename>1_1yVk563L6po9lxbFgetB5Lh3gwjUDwr.jpg</filename>
	<path>/object_detection/1_1yVk563L6po9lxbFgetB5Lh3gwjUDwr.jpg</path>
	<source>
		<database>Unknown</database>
	</source>
	<size>
		<width>500</width>
		<height>375</height>
		<depth>3</depth>
	</size>
	<segmented>0</segmented>
	<object>
		<name>chair</name>
		<pose>Unspecified</pose>
		<truncated>0</truncated>
		<difficult>0</difficult>
		<bndbox>
			<xmin>408</xmin>
			<ymin>204</ymin>
			<xmax>483</xmax>
			<ymax>313</ymax>
		</bndbox>
	</object>
	<object>
		<name>window</name>
		<pose>Unspecified</pose>
		<truncated>0</truncated>
		<difficult>0</difficult>
		<bndbox>
			<xmin>48</xmin>
			<ymin>76</ymin>
			<xmax>164</xmax>
			<ymax>253</ymax>
		</bndbox>
	</object>
	<object>
		<name>door</name>
		<pose>Unspecified</pose>
		<truncated>0</truncated>
		<difficult>0</difficult>
		<bndbox>
			<xmin>351</xmin>
			<ymin>64</ymin>
			<xmax>484</xmax>
			<ymax>360</ymax>
		</bndbox>
	</object>
</annotation>
