<annotation verified="yes">
	<folder>object_detection</folder>
	<filename>1_2NgM2SXwU8kWRHwaNvQ3pLscCfyynoL.jpg</filename>
	<path>/object_detection/1_2NgM2SXwU8kWRHwaNvQ3pLscCfyynoL.jpg</path>
	<source>
		<database>Unknown</database>
	</source>
	<size>
		<width>640</width>
		<height>480</height>
		<depth>3</depth>
	</size>
	<segmented>0</segmented>
	<object>
		<name>vegetation</name>
		<pose>Unspecified</pose>
		<truncated>1</truncated>
		<difficult>0</difficult>
		<bndbox>
			<xmin>1</xmin>
			<ymin>52</ymin>
			<xmax>640</xmax>
			<ymax>287</ymax>
		</bndbox>
	</object>
	<object>
		<name>sky</name>
		<pose>Unspecified</pose>
		<truncated>1</truncated>
		<difficult>0</difficult>
		<bndbox>
			<xmin>1</xmin>
			<ymin>1</ymin>
			<xmax>437</xmax>
			<ymax>71</ymax>
		</bndbox>
	</object>
	<object>
		<name>grass</name>
		<pose>Unspecified</pose>
		<truncated>1</truncated>
		<difficult>0</difficult>
		<bndbox>
			<xmin>8</xmin>
			<ymin>295</ymin>
			<xmax>627</xmax>
			<ymax>480</ymax>
		</bndbox>
	</object>
</annotation>
