<annotation verified="yes">
	<folder>object_detection</folder>
	<filename>1_4EKNgfyGzJGxWsk60-W9qqsSe6UgMnt.jpg</filename>
	<path>/object_detection/1_4EKNgfyGzJGxWsk60-W9qqsSe6UgMnt.jpg</path>
	<source>
		<database>Unknown</database>
	</source>
	<size>
		<width>640</width>
		<height>799</height>
		<depth>3</depth>
	</size>
	<segmented>0</segmented>
	<object>
		<name>animal</name>
		<pose>Unspecified</pose>
		<truncated>0</truncated>
		<difficult>0</difficult>
		<bndbox>
			<xmin>339</xmin>
			<ymin>463</ymin>
			<xmax>485</xmax>
			<ymax>561</ymax>
		</bndbox>
	</object>
	<object>
		<name>tree trunk</name>
		<pose>Unspecified</pose>
		<truncated>1</truncated>
		<difficult>0</difficult>
		<bndbox>
			<xmin>281</xmin>
			<ymin>65</ymin>
			<xmax>640</xmax>
			<ymax>496</ymax>
		</bndbox>
	</object>
	<object>
		<name>river</name>
		<pose>Unspecified</pose>
		<truncated>1</truncated>
		<difficult>0</difficult>
		<bndbox>
			<xmin>6</xmin>
			<ymin>4</ymin>
			<xmax>640</xmax>
			<ymax>799</ymax>
		</bndbox>
	</object>
</annotation>
