<annotation verified="yes">
	<folder>object_detection</folder>
	<filename>1_5daToa-VB1IAyRQOILe3EvNVSRJht7N.jpg</filename>
	<path>/object_detection/1_5daToa-VB1IAyRQOILe3EvNVSRJht7N.jpg</path>
	<source>
		<database>Unknown</database>
	</source>
	<size>
		<width>499</width>
		<height>333</height>
		<depth>3</depth>
	</size>
	<segmented>0</segmented>
	<object>
		<name>crane</name>
		<pose>Unspecified</pose>
		<truncated>0</truncated>
		<difficult>0</difficult>
		<bndbox>
			<xmin>22</xmin>
			<ymin>84</ymin>
			<xmax>111</xmax>
			<ymax>211</ymax>
		</bndbox>
	</object>
	<object>
		<name>crane</name>
		<pose>Unspecified</pose>
		<truncated>0</truncated>
		<difficult>0</difficult>
		<bndbox>
			<xmin>146</xmin>
			<ymin>66</ymin>
			<xmax>198</xmax>
			<ymax>280</ymax>
		</bndbox>
	</object>
	<object>
		<name>crane</name>
		<pose>Unspecified</pose>
		<truncated>0</truncated>
		<difficult>0</difficult>
		<bndbox>
			<xmin>236</xmin>
			<ymin>77</ymin>
			<xmax>321</xmax>
			<ymax>245</ymax>
		</bndbox>
	</object>
	<object>
		<name>crane</name>
		<pose>Unspecified</pose>
		<truncated>0</truncated>
		<difficult>0</difficult>
		<bndbox>
			<xmin>316</xmin>
			<ymin>125</ymin>
			<xmax>373</xmax>
			<ymax>250</ymax>
		</bndbox>
	</object>
	<object>
		<name>crane</name>
		<pose>Unspecified</pose>
		<truncated>0</truncated>
		<difficult>0</difficult>
		<bndbox>
			<xmin>408</xmin>
			<ymin>79</ymin>
			<xmax>447</xmax>
			<ymax>251</ymax>
		</bndbox>
	</object>
	<object>
		<name>building</name>
		<pose>Unspecified</pose>
		<truncated>1</truncated>
		<difficult>0</difficult>
		<bndbox>
			<xmin>393</xmin>
			<ymin>97</ymin>
			<xmax>499</xmax>
			<ymax>253</ymax>
		</bndbox>
	</object>
	<object>
		<name>building</name>
		<pose>Unspecified</pose>
		<truncated>0</truncated>
		<difficult>0</difficult>
		<bndbox>
			<xmin>243</xmin>
			<ymin>121</ymin>
			<xmax>371</xmax>
			<ymax>251</ymax>
		</bndbox>
	</object>
	<object>
		<name>building</name>
		<pose>Unspecified</pose>
		<truncated>0</truncated>
		<difficult>0</difficult>
		<bndbox>
			<xmin>191</xmin>
			<ymin>133</ymin>
			<xmax>242</xmax>
			<ymax>253</ymax>
		</bndbox>
	</object>
	<object>
		<name>building</name>
		<pose>Unspecified</pose>
		<truncated>0</truncated>
		<difficult>0</difficult>
		<bndbox>
			<xmin>144</xmin>
			<ymin>159</ymin>
			<xmax>208</xmax>
			<ymax>213</ymax>
		</bndbox>
	</object>
	<object>
		<name>building</name>
		<pose>Unspecified</pose>
		<truncated>0</truncated>
		<difficult>0</difficult>
		<bndbox>
			<xmin>72</xmin>
			<ymin>132</ymin>
			<xmax>121</xmax>
			<ymax>214</ymax>
		</bndbox>
	</object>
	<object>
		<name>building</name>
		<pose>Unspecified</pose>
		<truncated>0</truncated>
		<difficult>0</difficult>
		<bndbox>
			<xmin>10</xmin>
			<ymin>127</ymin>
			<xmax>52</xmax>
			<ymax>250</ymax>
		</bndbox>
	</object>
	<object>
		<name>sky</name>
		<pose>Unspecified</pose>
		<truncated>1</truncated>
		<difficult>0</difficult>
		<bndbox>
			<xmin>2</xmin>
			<ymin>1</ymin>
			<xmax>499</xmax>
			<ymax>105</ymax>
		</bndbox>
	</object>
</annotation>
