<annotation verified="yes">
	<folder>object_detection</folder>
	<filename>1_7vcxfTloSWHD6A18gY8qL98JBwJQCHs.jpg</filename>
	<path>/object_detection/1_7vcxfTloSWHD6A18gY8qL98JBwJQCHs.jpg</path>
	<source>
		<database>Unknown</database>
	</source>
	<size>
		<width>500</width>
		<height>375</height>
		<depth>3</depth>
	</size>
	<segmented>0</segmented>
	<object>
		<name>trash</name>
		<pose>Unspecified</pose>
		<truncated>1</truncated>
		<difficult>0</difficult>
		<bndbox>
			<xmin>21</xmin>
			<ymin>55</ymin>
			<xmax>500</xmax>
			<ymax>375</ymax>
		</bndbox>
	</object>
</annotation>
