<annotation verified="yes">
	<folder>object_detection</folder>
	<filename>1_82aO5OQ1md50d_TPZtssk4nfvsVC_VK.jpg</filename>
	<path>/object_detection/1_82aO5OQ1md50d_TPZtssk4nfvsVC_VK.jpg</path>
	<source>
		<database>Unknown</database>
	</source>
	<size>
		<width>499</width>
		<height>333</height>
		<depth>3</depth>
	</size>
	<segmented>0</segmented>
	<object>
		<name>soldier</name>
		<pose>Unspecified</pose>
		<truncated>0</truncated>
		<difficult>0</difficult>
		<bndbox>
			<xmin>274</xmin>
			<ymin>111</ymin>
			<xmax>326</xmax>
			<ymax>282</ymax>
		</bndbox>
	</object>
	<object>
		<name>soldier</name>
		<pose>Unspecified</pose>
		<truncated>0</truncated>
		<difficult>0</difficult>
		<bndbox>
			<xmin>210</xmin>
			<ymin>117</ymin>
			<xmax>242</xmax>
			<ymax>259</ymax>
		</bndbox>
	</object>
	<object>
		<name>soldier</name>
		<pose>Unspecified</pose>
		<truncated>0</truncated>
		<difficult>0</difficult>
		<bndbox>
			<xmin>146</xmin>
			<ymin>114</ymin>
			<xmax>216</xmax>
			<ymax>296</ymax>
		</bndbox>
	</object>
	<object>
		<name>soldier</name>
		<pose>Unspecified</pose>
		<truncated>0</truncated>
		<difficult>0</difficult>
		<bndbox>
			<xmin>332</xmin>
			<ymin>106</ymin>
			<xmax>373</xmax>
			<ymax>276</ymax>
		</bndbox>
	</object>
	<object>
		<name>soldier</name>
		<pose>Unspecified</pose>
		<truncated>1</truncated>
		<difficult>0</difficult>
		<bndbox>
			<xmin>357</xmin>
			<ymin>113</ymin>
			<xmax>427</xmax>
			<ymax>333</ymax>
		</bndbox>
	</object>
	<object>
		<name>truck</name>
		<pose>Unspecified</pose>
		<truncated>1</truncated>
		<difficult>0</difficult>
		<bndbox>
			<xmin>1</xmin>
			<ymin>33</ymin>
			<xmax>151</xmax>
			<ymax>333</ymax>
		</bndbox>
	</object>
</annotation>
