<annotation verified="yes">
	<folder>object_detection</folder>
	<filename>1_9C3l4hnPswFcMMjga-bDqBnjPrPHCmj.jpg</filename>
	<path>/object_detection/1_9C3l4hnPswFcMMjga-bDqBnjPrPHCmj.jpg</path>
	<source>
		<database>Unknown</database>
	</source>
	<size>
		<width>454</width>
		<height>454</height>
		<depth>3</depth>
	</size>
	<segmented>0</segmented>
	<object>
		<name>building</name>
		<pose>Unspecified</pose>
		<truncated>1</truncated>
		<difficult>0</difficult>
		<bndbox>
			<xmin>4</xmin>
			<ymin>31</ymin>
			<xmax>454</xmax>
			<ymax>454</ymax>
		</bndbox>
	</object>
</annotation>
