<annotation verified="yes">
	<folder>object_detection</folder>
	<filename>1__BMOKFtV0FLfM31aw4ECII-uqy79eRs.jpg</filename>
	<path>/object_detection/1__BMOKFtV0FLfM31aw4ECII-uqy79eRs.jpg</path>
	<source>
		<database>Unknown</database>
	</source>
	<size>
		<width>640</width>
		<height>640</height>
		<depth>3</depth>
	</size>
	<segmented>0</segmented>
	<object>
		<name>sun</name>
		<pose>Unspecified</pose>
		<truncated>0</truncated>
		<difficult>0</difficult>
		<bndbox>
			<xmin>369</xmin>
			<ymin>239</ymin>
			<xmax>444</xmax>
			<ymax>304</ymax>
		</bndbox>
	</object>
	<object>
		<name>building</name>
		<pose>Unspecified</pose>
		<truncated>1</truncated>
		<difficult>0</difficult>
		<bndbox>
			<xmin>1</xmin>
			<ymin>1</ymin>
			<xmax>403</xmax>
			<ymax>433</ymax>
		</bndbox>
	</object>
</annotation>
