<annotation verified="yes">
	<folder>object_detection</folder>
	<filename>1__UaK86nXriV1Tg3K10c--hfe4rwrLOT.jpg</filename>
	<path>/object_detection/1__UaK86nXriV1Tg3K10c--hfe4rwrLOT.jpg</path>
	<source>
		<database>Unknown</database>
	</source>
	<size>
		<width>454</width>
		<height>454</height>
		<depth>3</depth>
	</size>
	<segmented>0</segmented>
	<object>
		<name>building</name>
		<pose>Unspecified</pose>
		<truncated>0</truncated>
		<difficult>0</difficult>
		<bndbox>
			<xmin>252</xmin>
			<ymin>85</ymin>
			<xmax>427</xmax>
			<ymax>356</ymax>
		</bndbox>
	</object>
	<object>
		<name>building</name>
		<pose>Unspecified</pose>
		<truncated>0</truncated>
		<difficult>0</difficult>
		<bndbox>
			<xmin>170</xmin>
			<ymin>170</ymin>
			<xmax>258</xmax>
			<ymax>406</ymax>
		</bndbox>
	</object>
</annotation>
