<annotation verified="yes">
	<folder>object_detection</folder>
	<filename>1_AlbjCTKbenXzIv68Gr_lQ5djQ6GZh5U.jpg</filename>
	<path>/object_detection/1_AlbjCTKbenXzIv68Gr_lQ5djQ6GZh5U.jpg</path>
	<source>
		<database>Unknown</database>
	</source>
	<size>
		<width>500</width>
		<height>376</height>
		<depth>3</depth>
	</size>
	<segmented>0</segmented>
	<object>
		<name>animal</name>
		<pose>Unspecified</pose>
		<truncated>0</truncated>
		<difficult>0</difficult>
		<bndbox>
			<xmin>251</xmin>
			<ymin>139</ymin>
			<xmax>380</xmax>
			<ymax>201</ymax>
		</bndbox>
	</object>
	<object>
		<name>building</name>
		<pose>Unspecified</pose>
		<truncated>1</truncated>
		<difficult>0</difficult>
		<bndbox>
			<xmin>22</xmin>
			<ymin>1</ymin>
			<xmax>491</xmax>
			<ymax>349</ymax>
		</bndbox>
	</object>
</annotation>
