<annotation verified="yes">
	<folder>object_detection</folder>
	<filename>1_Aqx8268jI0SmZnzxHoAm-C9b8eO4Fwb.jpg</filename>
	<path>/object_detection/1_Aqx8268jI0SmZnzxHoAm-C9b8eO4Fwb.jpg</path>
	<source>
		<database>Unknown</database>
	</source>
	<size>
		<width>375</width>
		<height>500</height>
		<depth>3</depth>
	</size>
	<segmented>0</segmented>
	<object>
		<name>building</name>
		<pose>Unspecified</pose>
		<truncated>1</truncated>
		<difficult>0</difficult>
		<bndbox>
			<xmin>8</xmin>
			<ymin>1</ymin>
			<xmax>375</xmax>
			<ymax>493</ymax>
		</bndbox>
	</object>
</annotation>
