<annotation verified="yes">
	<folder>object_detection</folder>
	<filename>1_bYhHW2Z30aKA0Sj8utQvSh5Xk5Eihr6.jpg</filename>
	<path>/object_detection/1_bYhHW2Z30aKA0Sj8utQvSh5Xk5Eihr6.jpg</path>
	<source>
		<database>Unknown</database>
	</source>
	<size>
		<width>500</width>
		<height>375</height>
		<depth>3</depth>
	</size>
	<segmented>0</segmented>
	<object>
		<name>rocks</name>
		<pose>Unspecified</pose>
		<truncated>1</truncated>
		<difficult>0</difficult>
		<bndbox>
			<xmin>1</xmin>
			<ymin>1</ymin>
			<xmax>500</xmax>
			<ymax>375</ymax>
		</bndbox>
	</object>
</annotation>
