<annotation verified="yes">
	<folder>object_detection</folder>
	<filename>1_cQElfrUilY7-vzF2gUyyff8PaHXvYTL.jpg</filename>
	<path>/object_detection/1_cQElfrUilY7-vzF2gUyyff8PaHXvYTL.jpg</path>
	<source>
		<database>Unknown</database>
	</source>
	<size>
		<width>640</width>
		<height>800</height>
		<depth>3</depth>
	</size>
	<segmented>0</segmented>
	<object>
		<name>building</name>
		<pose>Unspecified</pose>
		<truncated>1</truncated>
		<difficult>0</difficult>
		<bndbox>
			<xmin>1</xmin>
			<ymin>37</ymin>
			<xmax>534</xmax>
			<ymax>800</ymax>
		</bndbox>
	</object>
	<object>
		<name>tree</name>
		<pose>Unspecified</pose>
		<truncated>0</truncated>
		<difficult>0</difficult>
		<bndbox>
			<xmin>225</xmin>
			<ymin>8</ymin>
			<xmax>529</xmax>
			<ymax>244</ymax>
		</bndbox>
	</object>
</annotation>
