<annotation verified="yes">
	<folder>object_detection</folder>
	<filename>1_cS3_fjU2eqc4GDl5nMU4f_tIYkpPFQQ.jpg</filename>
	<path>/object_detection/1_cS3_fjU2eqc4GDl5nMU4f_tIYkpPFQQ.jpg</path>
	<source>
		<database>Unknown</database>
	</source>
	<size>
		<width>333</width>
		<height>499</height>
		<depth>3</depth>
	</size>
	<segmented>0</segmented>
	<object>
		<name>motorcycle</name>
		<pose>Unspecified</pose>
		<truncated>0</truncated>
		<difficult>0</difficult>
		<bndbox>
			<xmin>24</xmin>
			<ymin>258</ymin>
			<xmax>153</xmax>
			<ymax>447</ymax>
		</bndbox>
	</object>
	<object>
		<name>building</name>
		<pose>Unspecified</pose>
		<truncated>0</truncated>
		<difficult>0</difficult>
		<bndbox>
			<xmin>86</xmin>
			<ymin>113</ymin>
			<xmax>179</xmax>
			<ymax>281</ymax>
		</bndbox>
	</object>
	<object>
		<name>building</name>
		<pose>Unspecified</pose>
		<truncated>1</truncated>
		<difficult>0</difficult>
		<bndbox>
			<xmin>198</xmin>
			<ymin>116</ymin>
			<xmax>333</xmax>
			<ymax>499</ymax>
		</bndbox>
	</object>
</annotation>
