<annotation verified="yes">
	<folder>object_detection</folder>
	<filename>1_CtO4eJCdl3pPsqspklOwSxiKRxLkLZP.jpg</filename>
	<path>/object_detection/1_CtO4eJCdl3pPsqspklOwSxiKRxLkLZP.jpg</path>
	<source>
		<database>Unknown</database>
	</source>
	<size>
		<width>640</width>
		<height>640</height>
		<depth>3</depth>
	</size>
	<segmented>0</segmented>
	<object>
		<name>building</name>
		<pose>Unspecified</pose>
		<truncated>1</truncated>
		<difficult>0</difficult>
		<bndbox>
			<xmin>1</xmin>
			<ymin>8</ymin>
			<xmax>618</xmax>
			<ymax>640</ymax>
		</bndbox>
	</object>
	<object>
		<name>vegetation</name>
		<pose>Unspecified</pose>
		<truncated>0</truncated>
		<difficult>0</difficult>
		<bndbox>
			<xmin>372</xmin>
			<ymin>234</ymin>
			<xmax>623</xmax>
			<ymax>630</ymax>
		</bndbox>
	</object>
</annotation>
