<annotation verified="yes">
	<folder>object_detection</folder>
	<filename>1_cZu5VvZnSRwwQ77z6shyIhXDmIjyej3.jpg</filename>
	<path>/object_detection/1_cZu5VvZnSRwwQ77z6shyIhXDmIjyej3.jpg</path>
	<source>
		<database>Unknown</database>
	</source>
	<size>
		<width>500</width>
		<height>333</height>
		<depth>3</depth>
	</size>
	<segmented>0</segmented>
	<object>
		<name>person</name>
		<pose>Unspecified</pose>
		<truncated>1</truncated>
		<difficult>0</difficult>
		<bndbox>
			<xmin>206</xmin>
			<ymin>99</ymin>
			<xmax>294</xmax>
			<ymax>333</ymax>
		</bndbox>
	</object>
	<object>
		<name>person</name>
		<pose>Unspecified</pose>
		<truncated>1</truncated>
		<difficult>0</difficult>
		<bndbox>
			<xmin>302</xmin>
			<ymin>138</ymin>
			<xmax>381</xmax>
			<ymax>333</ymax>
		</bndbox>
	</object>
	<object>
		<name>person</name>
		<pose>Unspecified</pose>
		<truncated>1</truncated>
		<difficult>0</difficult>
		<bndbox>
			<xmin>37</xmin>
			<ymin>113</ymin>
			<xmax>135</xmax>
			<ymax>333</ymax>
		</bndbox>
	</object>
	<object>
		<name>vegetation</name>
		<pose>Unspecified</pose>
		<truncated>1</truncated>
		<difficult>0</difficult>
		<bndbox>
			<xmin>1</xmin>
			<ymin>1</ymin>
			<xmax>321</xmax>
			<ymax>132</ymax>
		</bndbox>
	</object>
	<object>
		<name>vegetation</name>
		<pose>Unspecified</pose>
		<truncated>1</truncated>
		<difficult>0</difficult>
		<bndbox>
			<xmin>365</xmin>
			<ymin>1</ymin>
			<xmax>500</xmax>
			<ymax>216</ymax>
		</bndbox>
	</object>
</annotation>
