<annotation verified="yes">
	<folder>object_detection</folder>
	<filename>1_Dqzv4b41nb7Vfw5WKXPKoWQ0sUkwnHs.jpg</filename>
	<path>/object_detection/1_Dqzv4b41nb7Vfw5WKXPKoWQ0sUkwnHs.jpg</path>
	<source>
		<database>Unknown</database>
	</source>
	<size>
		<width>640</width>
		<height>638</height>
		<depth>3</depth>
	</size>
	<segmented>0</segmented>
	<object>
		<name>building</name>
		<pose>Unspecified</pose>
		<truncated>0</truncated>
		<difficult>0</difficult>
		<bndbox>
			<xmin>48</xmin>
			<ymin>16</ymin>
			<xmax>362</xmax>
			<ymax>367</ymax>
		</bndbox>
	</object>
	<object>
		<name>tree</name>
		<pose>Unspecified</pose>
		<truncated>1</truncated>
		<difficult>0</difficult>
		<bndbox>
			<xmin>371</xmin>
			<ymin>1</ymin>
			<xmax>534</xmax>
			<ymax>217</ymax>
		</bndbox>
	</object>
	<object>
		<name>trash</name>
		<pose>Unspecified</pose>
		<truncated>0</truncated>
		<difficult>0</difficult>
		<bndbox>
			<xmin>343</xmin>
			<ymin>230</ymin>
			<xmax>610</xmax>
			<ymax>466</ymax>
		</bndbox>
	</object>
</annotation>
