<annotation verified="yes">
	<folder>object_detection</folder>
	<filename>1_E5zud3Chl32J5B-VGxN8gUhu3N6OaL-.jpg</filename>
	<path>/object_detection/1_E5zud3Chl32J5B-VGxN8gUhu3N6OaL-.jpg</path>
	<source>
		<database>Unknown</database>
	</source>
	<size>
		<width>500</width>
		<height>375</height>
		<depth>3</depth>
	</size>
	<segmented>0</segmented>
	<object>
		<name>person</name>
		<pose>Unspecified</pose>
		<truncated>0</truncated>
		<difficult>0</difficult>
		<bndbox>
			<xmin>159</xmin>
			<ymin>90</ymin>
			<xmax>272</xmax>
			<ymax>297</ymax>
		</bndbox>
	</object>
	<object>
		<name>person</name>
		<pose>Unspecified</pose>
		<truncated>0</truncated>
		<difficult>0</difficult>
		<bndbox>
			<xmin>278</xmin>
			<ymin>77</ymin>
			<xmax>431</xmax>
			<ymax>235</ymax>
		</bndbox>
	</object>
	<object>
		<name>building</name>
		<pose>Unspecified</pose>
		<truncated>1</truncated>
		<difficult>0</difficult>
		<bndbox>
			<xmin>324</xmin>
			<ymin>1</ymin>
			<xmax>500</xmax>
			<ymax>361</ymax>
		</bndbox>
	</object>
	<object>
		<name>sky</name>
		<pose>Unspecified</pose>
		<truncated>1</truncated>
		<difficult>0</difficult>
		<bndbox>
			<xmin>1</xmin>
			<ymin>1</ymin>
			<xmax>295</xmax>
			<ymax>108</ymax>
		</bndbox>
	</object>
</annotation>
