<annotation verified="yes">
	<folder>object_detection</folder>
	<filename>1_FCugwP7OC3D53WurDb8tu20CyJTQQh8.jpg</filename>
	<path>/object_detection/1_FCugwP7OC3D53WurDb8tu20CyJTQQh8.jpg</path>
	<source>
		<database>Unknown</database>
	</source>
	<size>
		<width>499</width>
		<height>333</height>
		<depth>3</depth>
	</size>
	<segmented>0</segmented>
	<object>
		<name>bridge</name>
		<pose>Unspecified</pose>
		<truncated>0</truncated>
		<difficult>0</difficult>
		<bndbox>
			<xmin>76</xmin>
			<ymin>156</ymin>
			<xmax>311</xmax>
			<ymax>226</ymax>
		</bndbox>
	</object>
	<object>
		<name>tree</name>
		<pose>Unspecified</pose>
		<truncated>0</truncated>
		<difficult>0</difficult>
		<bndbox>
			<xmin>49</xmin>
			<ymin>141</ymin>
			<xmax>136</xmax>
			<ymax>234</ymax>
		</bndbox>
	</object>
	<object>
		<name>building</name>
		<pose>Unspecified</pose>
		<truncated>0</truncated>
		<difficult>0</difficult>
		<bndbox>
			<xmin>335</xmin>
			<ymin>123</ymin>
			<xmax>389</xmax>
			<ymax>156</ymax>
		</bndbox>
	</object>
	<object>
		<name>building</name>
		<pose>Unspecified</pose>
		<truncated>0</truncated>
		<difficult>0</difficult>
		<bndbox>
			<xmin>401</xmin>
			<ymin>121</ymin>
			<xmax>456</xmax>
			<ymax>158</ymax>
		</bndbox>
	</object>
	<object>
		<name>vegetation</name>
		<pose>Unspecified</pose>
		<truncated>1</truncated>
		<difficult>0</difficult>
		<bndbox>
			<xmin>86</xmin>
			<ymin>18</ymin>
			<xmax>499</xmax>
			<ymax>148</ymax>
		</bndbox>
	</object>
	<object>
		<name>river</name>
		<pose>Unspecified</pose>
		<truncated>1</truncated>
		<difficult>0</difficult>
		<bndbox>
			<xmin>168</xmin>
			<ymin>214</ymin>
			<xmax>499</xmax>
			<ymax>333</ymax>
		</bndbox>
	</object>
</annotation>
