<annotation verified="yes">
	<folder>object_detection</folder>
	<filename>1_g1wnL2ZYKNLVl-6f8uLVT4MEZRfJXG5.jpg</filename>
	<path>/object_detection/1_g1wnL2ZYKNLVl-6f8uLVT4MEZRfJXG5.jpg</path>
	<source>
		<database>Unknown</database>
	</source>
	<size>
		<width>500</width>
		<height>375</height>
		<depth>3</depth>
	</size>
	<segmented>0</segmented>
	<object>
		<name>person</name>
		<pose>Unspecified</pose>
		<truncated>0</truncated>
		<difficult>0</difficult>
		<bndbox>
			<xmin>228</xmin>
			<ymin>164</ymin>
			<xmax>252</xmax>
			<ymax>210</ymax>
		</bndbox>
	</object>
	<object>
		<name>tunnel</name>
		<pose>Unspecified</pose>
		<truncated>0</truncated>
		<difficult>0</difficult>
		<bndbox>
			<xmin>109</xmin>
			<ymin>25</ymin>
			<xmax>418</xmax>
			<ymax>302</ymax>
		</bndbox>
	</object>
</annotation>
