<annotation verified="yes">
	<folder>object_detection</folder>
	<filename>1_GfwCahFa7qzw7vRoxQ-t90LteV2oki7.jpg</filename>
	<path>/object_detection/1_GfwCahFa7qzw7vRoxQ-t90LteV2oki7.jpg</path>
	<source>
		<database>Unknown</database>
	</source>
	<size>
		<width>500</width>
		<height>317</height>
		<depth>3</depth>
	</size>
	<segmented>0</segmented>
	<object>
		<name>person</name>
		<pose>Unspecified</pose>
		<truncated>0</truncated>
		<difficult>0</difficult>
		<bndbox>
			<xmin>295</xmin>
			<ymin>145</ymin>
			<xmax>491</xmax>
			<ymax>294</ymax>
		</bndbox>
	</object>
	<object>
		<name>person</name>
		<pose>Unspecified</pose>
		<truncated>0</truncated>
		<difficult>0</difficult>
		<bndbox>
			<xmin>60</xmin>
			<ymin>59</ymin>
			<xmax>203</xmax>
			<ymax>282</ymax>
		</bndbox>
	</object>
	<object>
		<name>sky</name>
		<pose>Unspecified</pose>
		<truncated>1</truncated>
		<difficult>0</difficult>
		<bndbox>
			<xmin>35</xmin>
			<ymin>1</ymin>
			<xmax>380</xmax>
			<ymax>65</ymax>
		</bndbox>
	</object>
	<object>
		<name>chemical toilet</name>
		<pose>Unspecified</pose>
		<truncated>1</truncated>
		<difficult>0</difficult>
		<bndbox>
			<xmin>456</xmin>
			<ymin>42</ymin>
			<xmax>500</xmax>
			<ymax>106</ymax>
		</bndbox>
	</object>
</annotation>
