<annotation verified="yes">
	<folder>object_detection</folder>
	<filename>1_gFgFP8p3NOkBPbB2Sl0Vc6DfJ3BlqK2.jpg</filename>
	<path>/object_detection/1_gFgFP8p3NOkBPbB2Sl0Vc6DfJ3BlqK2.jpg</path>
	<source>
		<database>Unknown</database>
	</source>
	<size>
		<width>500</width>
		<height>333</height>
		<depth>3</depth>
	</size>
	<segmented>0</segmented>
	<object>
		<name>building</name>
		<pose>Unspecified</pose>
		<truncated>1</truncated>
		<difficult>0</difficult>
		<bndbox>
			<xmin>345</xmin>
			<ymin>1</ymin>
			<xmax>500</xmax>
			<ymax>323</ymax>
		</bndbox>
	</object>
	<object>
		<name>building</name>
		<pose>Unspecified</pose>
		<truncated>1</truncated>
		<difficult>0</difficult>
		<bndbox>
			<xmin>1</xmin>
			<ymin>1</ymin>
			<xmax>258</xmax>
			<ymax>333</ymax>
		</bndbox>
	</object>
	<object>
		<name>street</name>
		<pose>Unspecified</pose>
		<truncated>1</truncated>
		<difficult>0</difficult>
		<bndbox>
			<xmin>106</xmin>
			<ymin>236</ymin>
			<xmax>377</xmax>
			<ymax>333</ymax>
		</bndbox>
	</object>
</annotation>
