<annotation verified="yes">
	<folder>object_detection</folder>
	<filename>1_grVCP8VakmttBEN1TI4LKHBmB_xMibm.jpg</filename>
	<path>/object_detection/1_grVCP8VakmttBEN1TI4LKHBmB_xMibm.jpg</path>
	<source>
		<database>Unknown</database>
	</source>
	<size>
		<width>454</width>
		<height>454</height>
		<depth>3</depth>
	</size>
	<segmented>0</segmented>
	<object>
		<name>river</name>
		<pose>Unspecified</pose>
		<truncated>1</truncated>
		<difficult>0</difficult>
		<bndbox>
			<xmin>1</xmin>
			<ymin>324</ymin>
			<xmax>443</xmax>
			<ymax>454</ymax>
		</bndbox>
	</object>
	<object>
		<name>tree</name>
		<pose>Unspecified</pose>
		<truncated>1</truncated>
		<difficult>0</difficult>
		<bndbox>
			<xmin>24</xmin>
			<ymin>1</ymin>
			<xmax>224</xmax>
			<ymax>165</ymax>
		</bndbox>
	</object>
</annotation>
