<annotation verified="yes">
	<folder>object_detection</folder>
	<filename>1_Ig_I18F_dePD-jSQFH9btrJtykauFRn.jpg</filename>
	<path>/object_detection/1_Ig_I18F_dePD-jSQFH9btrJtykauFRn.jpg</path>
	<source>
		<database>Unknown</database>
	</source>
	<size>
		<width>640</width>
		<height>640</height>
		<depth>3</depth>
	</size>
	<segmented>0</segmented>
	<object>
		<name>building</name>
		<pose>Unspecified</pose>
		<truncated>0</truncated>
		<difficult>0</difficult>
		<bndbox>
			<xmin>339</xmin>
			<ymin>175</ymin>
			<xmax>599</xmax>
			<ymax>453</ymax>
		</bndbox>
	</object>
	<object>
		<name>building</name>
		<pose>Unspecified</pose>
		<truncated>0</truncated>
		<difficult>0</difficult>
		<bndbox>
			<xmin>197</xmin>
			<ymin>197</ymin>
			<xmax>305</xmax>
			<ymax>310</ymax>
		</bndbox>
	</object>
	<object>
		<name>mountain</name>
		<pose>Unspecified</pose>
		<truncated>1</truncated>
		<difficult>0</difficult>
		<bndbox>
			<xmin>32</xmin>
			<ymin>1</ymin>
			<xmax>617</xmax>
			<ymax>94</ymax>
		</bndbox>
	</object>
</annotation>
