<annotation verified="yes">
	<folder>object_detection</folder>
	<filename>1_ir74qDGPb2G23bFhpJgL6Sbg_1jL103.jpg</filename>
	<path>/object_detection/1_ir74qDGPb2G23bFhpJgL6Sbg_1jL103.jpg</path>
	<source>
		<database>Unknown</database>
	</source>
	<size>
		<width>640</width>
		<height>480</height>
		<depth>3</depth>
	</size>
	<segmented>0</segmented>
	<object>
		<name>collumn</name>
		<pose>Unspecified</pose>
		<truncated>1</truncated>
		<difficult>0</difficult>
		<bndbox>
			<xmin>532</xmin>
			<ymin>1</ymin>
			<xmax>640</xmax>
			<ymax>460</ymax>
		</bndbox>
	</object>
	<object>
		<name>collumn</name>
		<pose>Unspecified</pose>
		<truncated>1</truncated>
		<difficult>0</difficult>
		<bndbox>
			<xmin>1</xmin>
			<ymin>22</ymin>
			<xmax>72</xmax>
			<ymax>359</ymax>
		</bndbox>
	</object>
	<object>
		<name>train</name>
		<pose>Unspecified</pose>
		<truncated>0</truncated>
		<difficult>0</difficult>
		<bndbox>
			<xmin>67</xmin>
			<ymin>116</ymin>
			<xmax>551</xmax>
			<ymax>352</ymax>
		</bndbox>
	</object>
</annotation>
