<annotation verified="yes">
	<folder>object_detection</folder>
	<filename>1_K8v9srWqvL9aC_NZdtxlllCmuJe6xRr.jpg</filename>
	<path>/object_detection/1_K8v9srWqvL9aC_NZdtxlllCmuJe6xRr.jpg</path>
	<source>
		<database>Unknown</database>
	</source>
	<size>
		<width>640</width>
		<height>638</height>
		<depth>3</depth>
	</size>
	<segmented>0</segmented>
	<object>
		<name>sign</name>
		<pose>Unspecified</pose>
		<truncated>0</truncated>
		<difficult>0</difficult>
		<bndbox>
			<xmin>222</xmin>
			<ymin>191</ymin>
			<xmax>370</xmax>
			<ymax>436</ymax>
		</bndbox>
	</object>
	<object>
		<name>sign</name>
		<pose>Unspecified</pose>
		<truncated>0</truncated>
		<difficult>0</difficult>
		<bndbox>
			<xmin>419</xmin>
			<ymin>215</ymin>
			<xmax>547</xmax>
			<ymax>437</ymax>
		</bndbox>
	</object>
	<object>
		<name>car</name>
		<pose>Unspecified</pose>
		<truncated>1</truncated>
		<difficult>0</difficult>
		<bndbox>
			<xmin>1</xmin>
			<ymin>1</ymin>
			<xmax>596</xmax>
			<ymax>237</ymax>
		</bndbox>
	</object>
</annotation>
