<annotation verified="yes">
	<folder>object_detection</folder>
	<filename>1_kdV-1SBexWMbF5bzw7_4LbkHzD-MfKO.jpg</filename>
	<path>/object_detection/1_kdV-1SBexWMbF5bzw7_4LbkHzD-MfKO.jpg</path>
	<source>
		<database>Unknown</database>
	</source>
	<size>
		<width>499</width>
		<height>333</height>
		<depth>3</depth>
	</size>
	<segmented>0</segmented>
	<object>
		<name>sea</name>
		<pose>Unspecified</pose>
		<truncated>0</truncated>
		<difficult>0</difficult>
		<bndbox>
			<xmin>24</xmin>
			<ymin>123</ymin>
			<xmax>498</xmax>
			<ymax>180</ymax>
		</bndbox>
	</object>
	<object>
		<name>sky</name>
		<pose>Unspecified</pose>
		<truncated>1</truncated>
		<difficult>0</difficult>
		<bndbox>
			<xmin>7</xmin>
			<ymin>1</ymin>
			<xmax>499</xmax>
			<ymax>113</ymax>
		</bndbox>
	</object>
	<object>
		<name>beach</name>
		<pose>Unspecified</pose>
		<truncated>1</truncated>
		<difficult>0</difficult>
		<bndbox>
			<xmin>1</xmin>
			<ymin>150</ymin>
			<xmax>499</xmax>
			<ymax>333</ymax>
		</bndbox>
	</object>
</annotation>
