<annotation verified="yes">
	<folder>object_detection</folder>
	<filename>1_MmSEq72f0Nx71w6KT-udIGn3mGr7BCe.jpg</filename>
	<path>/object_detection/1_MmSEq72f0Nx71w6KT-udIGn3mGr7BCe.jpg</path>
	<source>
		<database>Unknown</database>
	</source>
	<size>
		<width>499</width>
		<height>333</height>
		<depth>3</depth>
	</size>
	<segmented>0</segmented>
	<object>
		<name>building</name>
		<pose>Unspecified</pose>
		<truncated>1</truncated>
		<difficult>0</difficult>
		<bndbox>
			<xmin>1</xmin>
			<ymin>12</ymin>
			<xmax>367</xmax>
			<ymax>300</ymax>
		</bndbox>
	</object>
	<object>
		<name>building</name>
		<pose>Unspecified</pose>
		<truncated>1</truncated>
		<difficult>0</difficult>
		<bndbox>
			<xmin>360</xmin>
			<ymin>110</ymin>
			<xmax>499</xmax>
			<ymax>307</ymax>
		</bndbox>
	</object>
	<object>
		<name>sky</name>
		<pose>Unspecified</pose>
		<truncated>1</truncated>
		<difficult>0</difficult>
		<bndbox>
			<xmin>351</xmin>
			<ymin>1</ymin>
			<xmax>499</xmax>
			<ymax>109</ymax>
		</bndbox>
	</object>
</annotation>
