<annotation verified="yes">
	<folder>object_detection</folder>
	<filename>1_N1_AAszvKnXnIYt482CmVF4jRP1Agqb.jpg</filename>
	<path>/object_detection/1_N1_AAszvKnXnIYt482CmVF4jRP1Agqb.jpg</path>
	<source>
		<database>Unknown</database>
	</source>
	<size>
		<width>500</width>
		<height>375</height>
		<depth>3</depth>
	</size>
	<segmented>0</segmented>
	<object>
		<name>soldier</name>
		<pose>Unspecified</pose>
		<truncated>0</truncated>
		<difficult>0</difficult>
		<bndbox>
			<xmin>315</xmin>
			<ymin>112</ymin>
			<xmax>376</xmax>
			<ymax>308</ymax>
		</bndbox>
	</object>
	<object>
		<name>person</name>
		<pose>Unspecified</pose>
		<truncated>0</truncated>
		<difficult>0</difficult>
		<bndbox>
			<xmin>152</xmin>
			<ymin>121</ymin>
			<xmax>214</xmax>
			<ymax>284</ymax>
		</bndbox>
	</object>
	<object>
		<name>person</name>
		<pose>Unspecified</pose>
		<truncated>0</truncated>
		<difficult>0</difficult>
		<bndbox>
			<xmin>17</xmin>
			<ymin>73</ymin>
			<xmax>147</xmax>
			<ymax>285</ymax>
		</bndbox>
	</object>
	<object>
		<name>person</name>
		<pose>Unspecified</pose>
		<truncated>0</truncated>
		<difficult>0</difficult>
		<bndbox>
			<xmin>229</xmin>
			<ymin>163</ymin>
			<xmax>275</xmax>
			<ymax>281</ymax>
		</bndbox>
	</object>
	<object>
		<name>person</name>
		<pose>Unspecified</pose>
		<truncated>0</truncated>
		<difficult>0</difficult>
		<bndbox>
			<xmin>275</xmin>
			<ymin>167</ymin>
			<xmax>321</xmax>
			<ymax>285</ymax>
		</bndbox>
	</object>
	<object>
		<name>building</name>
		<pose>Unspecified</pose>
		<truncated>1</truncated>
		<difficult>0</difficult>
		<bndbox>
			<xmin>1</xmin>
			<ymin>1</ymin>
			<xmax>304</xmax>
			<ymax>180</ymax>
		</bndbox>
	</object>
	<object>
		<name>flag</name>
		<pose>Unspecified</pose>
		<truncated>0</truncated>
		<difficult>0</difficult>
		<bndbox>
			<xmin>128</xmin>
			<ymin>78</ymin>
			<xmax>241</xmax>
			<ymax>149</ymax>
		</bndbox>
	</object>
</annotation>
