<annotation verified="yes">
	<folder>object_detection</folder>
	<filename>1_NST8uYWduk1WhbSia0xqwckrUANa_Ig.jpg</filename>
	<path>/object_detection/1_NST8uYWduk1WhbSia0xqwckrUANa_Ig.jpg</path>
	<source>
		<database>Unknown</database>
	</source>
	<size>
		<width>454</width>
		<height>454</height>
		<depth>3</depth>
	</size>
	<segmented>0</segmented>
	<object>
		<name>car</name>
		<pose>Unspecified</pose>
		<truncated>0</truncated>
		<difficult>0</difficult>
		<bndbox>
			<xmin>149</xmin>
			<ymin>82</ymin>
			<xmax>363</xmax>
			<ymax>290</ymax>
		</bndbox>
	</object>
</annotation>
