<annotation verified="yes">
	<folder>object_detection</folder>
	<filename>1_o-y3T7q08HJ4sSJ9YwSp1cBGOs20n8q.jpg</filename>
	<path>/object_detection/1_o-y3T7q08HJ4sSJ9YwSp1cBGOs20n8q.jpg</path>
	<source>
		<database>Unknown</database>
	</source>
	<size>
		<width>500</width>
		<height>375</height>
		<depth>3</depth>
	</size>
	<segmented>0</segmented>
	<object>
		<name>car</name>
		<pose>Unspecified</pose>
		<truncated>0</truncated>
		<difficult>0</difficult>
		<bndbox>
			<xmin>181</xmin>
			<ymin>47</ymin>
			<xmax>387</xmax>
			<ymax>241</ymax>
		</bndbox>
	</object>
	<object>
		<name>car</name>
		<pose>Unspecified</pose>
		<truncated>0</truncated>
		<difficult>0</difficult>
		<bndbox>
			<xmin>37</xmin>
			<ymin>85</ymin>
			<xmax>265</xmax>
			<ymax>213</ymax>
		</bndbox>
	</object>
</annotation>
