<annotation verified="yes">
	<folder>object_detection</folder>
	<filename>1_OMgLWgLVVXJWIfhuEmHV6QCVRcCvI9e.jpg</filename>
	<path>/object_detection/1_OMgLWgLVVXJWIfhuEmHV6QCVRcCvI9e.jpg</path>
	<source>
		<database>Unknown</database>
	</source>
	<size>
		<width>500</width>
		<height>380</height>
		<depth>3</depth>
	</size>
	<segmented>0</segmented>
	<object>
		<name>trash</name>
		<pose>Unspecified</pose>
		<truncated>0</truncated>
		<difficult>0</difficult>
		<bndbox>
			<xmin>58</xmin>
			<ymin>106</ymin>
			<xmax>369</xmax>
			<ymax>365</ymax>
		</bndbox>
	</object>
	<object>
		<name>sky</name>
		<pose>Unspecified</pose>
		<truncated>1</truncated>
		<difficult>0</difficult>
		<bndbox>
			<xmin>6</xmin>
			<ymin>1</ymin>
			<xmax>500</xmax>
			<ymax>48</ymax>
		</bndbox>
	</object>
	<object>
		<name>grass</name>
		<pose>Unspecified</pose>
		<truncated>0</truncated>
		<difficult>0</difficult>
		<bndbox>
			<xmin>5</xmin>
			<ymin>48</ymin>
			<xmax>493</xmax>
			<ymax>168</ymax>
		</bndbox>
	</object>
	<object>
		<name>river</name>
		<pose>Unspecified</pose>
		<truncated>1</truncated>
		<difficult>0</difficult>
		<bndbox>
			<xmin>264</xmin>
			<ymin>209</ymin>
			<xmax>500</xmax>
			<ymax>380</ymax>
		</bndbox>
	</object>
</annotation>
