<annotation verified="yes">
	<folder>object_detection</folder>
	<filename>1_Ow06prmRpzTIEPGSxQZIzUtmbhAi5mo.jpg</filename>
	<path>/object_detection/1_Ow06prmRpzTIEPGSxQZIzUtmbhAi5mo.jpg</path>
	<source>
		<database>Unknown</database>
	</source>
	<size>
		<width>400</width>
		<height>500</height>
		<depth>3</depth>
	</size>
	<segmented>0</segmented>
	<object>
		<name>building</name>
		<pose>Unspecified</pose>
		<truncated>1</truncated>
		<difficult>0</difficult>
		<bndbox>
			<xmin>113</xmin>
			<ymin>1</ymin>
			<xmax>400</xmax>
			<ymax>299</ymax>
		</bndbox>
	</object>
	<object>
		<name>vegetation</name>
		<pose>Unspecified</pose>
		<truncated>1</truncated>
		<difficult>0</difficult>
		<bndbox>
			<xmin>1</xmin>
			<ymin>1</ymin>
			<xmax>113</xmax>
			<ymax>184</ymax>
		</bndbox>
	</object>
</annotation>
