<annotation verified="yes">
	<folder>object_detection</folder>
	<filename>1_P1cv8mp8SlQoDf9g52LS2uVOwcKZB1D.jpg</filename>
	<path>/object_detection/1_P1cv8mp8SlQoDf9g52LS2uVOwcKZB1D.jpg</path>
	<source>
		<database>Unknown</database>
	</source>
	<size>
		<width>640</width>
		<height>480</height>
		<depth>3</depth>
	</size>
	<segmented>0</segmented>
	<object>
		<name>building</name>
		<pose>Unspecified</pose>
		<truncated>0</truncated>
		<difficult>0</difficult>
		<bndbox>
			<xmin>89</xmin>
			<ymin>241</ymin>
			<xmax>224</xmax>
			<ymax>363</ymax>
		</bndbox>
	</object>
	<object>
		<name>building</name>
		<pose>Unspecified</pose>
		<truncated>0</truncated>
		<difficult>0</difficult>
		<bndbox>
			<xmin>518</xmin>
			<ymin>283</ymin>
			<xmax>576</xmax>
			<ymax>363</ymax>
		</bndbox>
	</object>
	<object>
		<name>flag</name>
		<pose>Unspecified</pose>
		<truncated>0</truncated>
		<difficult>0</difficult>
		<bndbox>
			<xmin>242</xmin>
			<ymin>271</ymin>
			<xmax>268</xmax>
			<ymax>298</ymax>
		</bndbox>
	</object>
	<object>
		<name>sky</name>
		<pose>Unspecified</pose>
		<truncated>1</truncated>
		<difficult>0</difficult>
		<bndbox>
			<xmin>1</xmin>
			<ymin>1</ymin>
			<xmax>632</xmax>
			<ymax>282</ymax>
		</bndbox>
	</object>
	<object>
		<name>grass</name>
		<pose>Unspecified</pose>
		<truncated>1</truncated>
		<difficult>0</difficult>
		<bndbox>
			<xmin>5</xmin>
			<ymin>369</ymin>
			<xmax>597</xmax>
			<ymax>480</ymax>
		</bndbox>
	</object>
</annotation>
