<annotation verified="yes">
	<folder>object_detection</folder>
	<filename>1_pboIc_dWfDJRavTwOkvMG6PrwAKJXLh.jpg</filename>
	<path>/object_detection/1_pboIc_dWfDJRavTwOkvMG6PrwAKJXLh.jpg</path>
	<source>
		<database>Unknown</database>
	</source>
	<size>
		<width>499</width>
		<height>333</height>
		<depth>3</depth>
	</size>
	<segmented>0</segmented>
	<object>
		<name>traffic cone</name>
		<pose>Unspecified</pose>
		<truncated>0</truncated>
		<difficult>0</difficult>
		<bndbox>
			<xmin>123</xmin>
			<ymin>59</ymin>
			<xmax>236</xmax>
			<ymax>131</ymax>
		</bndbox>
	</object>
</annotation>
