<annotation verified="yes">
	<folder>object_detection</folder>
	<filename>1_PxHnJ-9N7wQTHOIjUhTjQWFV6jRslLr.jpg</filename>
	<path>/object_detection/1_PxHnJ-9N7wQTHOIjUhTjQWFV6jRslLr.jpg</path>
	<source>
		<database>Unknown</database>
	</source>
	<size>
		<width>640</width>
		<height>640</height>
		<depth>1</depth>
	</size>
	<segmented>0</segmented>
	<object>
		<name>person</name>
		<pose>Unspecified</pose>
		<truncated>0</truncated>
		<difficult>0</difficult>
		<bndbox>
			<xmin>69</xmin>
			<ymin>27</ymin>
			<xmax>225</xmax>
			<ymax>227</ymax>
		</bndbox>
	</object>
</annotation>
