<annotation verified="yes">
	<folder>object_detection</folder>
	<filename>1_Rq5l_04YMhtyc_3IGF-EsZWLqxar-4l.jpg</filename>
	<path>/object_detection/1_Rq5l_04YMhtyc_3IGF-EsZWLqxar-4l.jpg</path>
	<source>
		<database>Unknown</database>
	</source>
	<size>
		<width>500</width>
		<height>375</height>
		<depth>3</depth>
	</size>
	<segmented>0</segmented>
	<object>
		<name>mountain</name>
		<pose>Unspecified</pose>
		<truncated>0</truncated>
		<difficult>0</difficult>
		<bndbox>
			<xmin>179</xmin>
			<ymin>105</ymin>
			<xmax>321</xmax>
			<ymax>153</ymax>
		</bndbox>
	</object>
	<object>
		<name>mountain</name>
		<pose>Unspecified</pose>
		<truncated>0</truncated>
		<difficult>0</difficult>
		<bndbox>
			<xmin>329</xmin>
			<ymin>113</ymin>
			<xmax>471</xmax>
			<ymax>161</ymax>
		</bndbox>
	</object>
	<object>
		<name>mountain</name>
		<pose>Unspecified</pose>
		<truncated>1</truncated>
		<difficult>0</difficult>
		<bndbox>
			<xmin>1</xmin>
			<ymin>93</ymin>
			<xmax>72</xmax>
			<ymax>144</ymax>
		</bndbox>
	</object>
	<object>
		<name>mountain</name>
		<pose>Unspecified</pose>
		<truncated>0</truncated>
		<difficult>0</difficult>
		<bndbox>
			<xmin>92</xmin>
			<ymin>150</ymin>
			<xmax>164</xmax>
			<ymax>164</ymax>
		</bndbox>
	</object>
	<object>
		<name>river</name>
		<pose>Unspecified</pose>
		<truncated>0</truncated>
		<difficult>0</difficult>
		<bndbox>
			<xmin>44</xmin>
			<ymin>178</ymin>
			<xmax>381</xmax>
			<ymax>296</ymax>
		</bndbox>
	</object>
	<object>
		<name>sky</name>
		<pose>Unspecified</pose>
		<truncated>1</truncated>
		<difficult>0</difficult>
		<bndbox>
			<xmin>13</xmin>
			<ymin>1</ymin>
			<xmax>500</xmax>
			<ymax>124</ymax>
		</bndbox>
	</object>
	<object>
		<name>vegetation</name>
		<pose>Unspecified</pose>
		<truncated>1</truncated>
		<difficult>0</difficult>
		<bndbox>
			<xmin>1</xmin>
			<ymin>226</ymin>
			<xmax>500</xmax>
			<ymax>375</ymax>
		</bndbox>
	</object>
</annotation>
