<annotation verified="yes">
	<folder>object_detection</folder>
	<filename>1_Sw9qJ2LXn8Bnwaz9Bc2crqDdwGQgJ6H.jpg</filename>
	<path>/object_detection/1_Sw9qJ2LXn8Bnwaz9Bc2crqDdwGQgJ6H.jpg</path>
	<source>
		<database>Unknown</database>
	</source>
	<size>
		<width>640</width>
		<height>480</height>
		<depth>3</depth>
	</size>
	<segmented>0</segmented>
	<object>
		<name>building</name>
		<pose>Unspecified</pose>
		<truncated>1</truncated>
		<difficult>0</difficult>
		<bndbox>
			<xmin>487</xmin>
			<ymin>173</ymin>
			<xmax>640</xmax>
			<ymax>338</ymax>
		</bndbox>
	</object>
	<object>
		<name>building</name>
		<pose>Unspecified</pose>
		<truncated>1</truncated>
		<difficult>0</difficult>
		<bndbox>
			<xmin>1</xmin>
			<ymin>216</ymin>
			<xmax>143</xmax>
			<ymax>286</ymax>
		</bndbox>
	</object>
	<object>
		<name>building</name>
		<pose>Unspecified</pose>
		<truncated>0</truncated>
		<difficult>0</difficult>
		<bndbox>
			<xmin>366</xmin>
			<ymin>176</ymin>
			<xmax>484</xmax>
			<ymax>229</ymax>
		</bndbox>
	</object>
	<object>
		<name>sky</name>
		<pose>Unspecified</pose>
		<truncated>1</truncated>
		<difficult>0</difficult>
		<bndbox>
			<xmin>1</xmin>
			<ymin>1</ymin>
			<xmax>632</xmax>
			<ymax>143</ymax>
		</bndbox>
	</object>
</annotation>
