<annotation verified="yes">
	<folder>object_detection</folder>
	<filename>1_TbZq8H0L2jMZF7Oz6lRy6r-87NF0NtE.jpg</filename>
	<path>/object_detection/1_TbZq8H0L2jMZF7Oz6lRy6r-87NF0NtE.jpg</path>
	<source>
		<database>Unknown</database>
	</source>
	<size>
		<width>640</width>
		<height>640</height>
		<depth>3</depth>
	</size>
	<segmented>0</segmented>
	<object>
		<name>animal</name>
		<pose>Unspecified</pose>
		<truncated>0</truncated>
		<difficult>0</difficult>
		<bndbox>
			<xmin>228</xmin>
			<ymin>181</ymin>
			<xmax>396</xmax>
			<ymax>464</ymax>
		</bndbox>
	</object>
</annotation>
