<annotation verified="yes">
	<folder>object_detection</folder>
	<filename>1_trVS-1GSRBeIhFvlIPgEpkTauEGvXcC.jpg</filename>
	<path>/object_detection/1_trVS-1GSRBeIhFvlIPgEpkTauEGvXcC.jpg</path>
	<source>
		<database>Unknown</database>
	</source>
	<size>
		<width>500</width>
		<height>375</height>
		<depth>3</depth>
	</size>
	<segmented>0</segmented>
	<object>
		<name>car</name>
		<pose>Unspecified</pose>
		<truncated>0</truncated>
		<difficult>0</difficult>
		<bndbox>
			<xmin>110</xmin>
			<ymin>132</ymin>
			<xmax>405</xmax>
			<ymax>290</ymax>
		</bndbox>
	</object>
	<object>
		<name>car</name>
		<pose>Unspecified</pose>
		<truncated>1</truncated>
		<difficult>0</difficult>
		<bndbox>
			<xmin>411</xmin>
			<ymin>140</ymin>
			<xmax>500</xmax>
			<ymax>232</ymax>
		</bndbox>
	</object>
	<object>
		<name>street</name>
		<pose>Unspecified</pose>
		<truncated>1</truncated>
		<difficult>0</difficult>
		<bndbox>
			<xmin>19</xmin>
			<ymin>246</ymin>
			<xmax>500</xmax>
			<ymax>375</ymax>
		</bndbox>
	</object>
	<object>
		<name>trash can</name>
		<pose>Unspecified</pose>
		<truncated>0</truncated>
		<difficult>0</difficult>
		<bndbox>
			<xmin>28</xmin>
			<ymin>155</ymin>
			<xmax>75</xmax>
			<ymax>234</ymax>
		</bndbox>
	</object>
	<object>
		<name>trash can</name>
		<pose>Unspecified</pose>
		<truncated>0</truncated>
		<difficult>0</difficult>
		<bndbox>
			<xmin>123</xmin>
			<ymin>150</ymin>
			<xmax>178</xmax>
			<ymax>202</ymax>
		</bndbox>
	</object>
	<object>
		<name>trash</name>
		<pose>Unspecified</pose>
		<truncated>0</truncated>
		<difficult>0</difficult>
		<bndbox>
			<xmin>70</xmin>
			<ymin>168</ymin>
			<xmax>129</xmax>
			<ymax>230</ymax>
		</bndbox>
	</object>
	<object>
		<name>building</name>
		<pose>Unspecified</pose>
		<truncated>1</truncated>
		<difficult>0</difficult>
		<bndbox>
			<xmin>21</xmin>
			<ymin>1</ymin>
			<xmax>500</xmax>
			<ymax>200</ymax>
		</bndbox>
	</object>
</annotation>
