<annotation verified="yes">
	<folder>object_detection</folder>
	<filename>1_U6aYYY5AeEdbSdsvbDHRq6YtF6BVfMV.jpg</filename>
	<path>/object_detection/1_U6aYYY5AeEdbSdsvbDHRq6YtF6BVfMV.jpg</path>
	<source>
		<database>Unknown</database>
	</source>
	<size>
		<width>640</width>
		<height>480</height>
		<depth>3</depth>
	</size>
	<segmented>0</segmented>
	<object>
		<name>sea</name>
		<pose>Unspecified</pose>
		<truncated>1</truncated>
		<difficult>0</difficult>
		<bndbox>
			<xmin>11</xmin>
			<ymin>168</ymin>
			<xmax>640</xmax>
			<ymax>414</ymax>
		</bndbox>
	</object>
	<object>
		<name>sky</name>
		<pose>Unspecified</pose>
		<truncated>1</truncated>
		<difficult>0</difficult>
		<bndbox>
			<xmin>6</xmin>
			<ymin>1</ymin>
			<xmax>640</xmax>
			<ymax>163</ymax>
		</bndbox>
	</object>
</annotation>
