<annotation verified="yes">
	<folder>object_detection</folder>
	<filename>1_VQAW_cDf5pZQmOSO_nINFhIVmPjFbl0.jpg</filename>
	<path>/object_detection/1_VQAW_cDf5pZQmOSO_nINFhIVmPjFbl0.jpg</path>
	<source>
		<database>Unknown</database>
	</source>
	<size>
		<width>500</width>
		<height>332</height>
		<depth>3</depth>
	</size>
	<segmented>0</segmented>
	<object>
		<name>trash</name>
		<pose>Unspecified</pose>
		<truncated>1</truncated>
		<difficult>0</difficult>
		<bndbox>
			<xmin>87</xmin>
			<ymin>150</ymin>
			<xmax>446</xmax>
			<ymax>332</ymax>
		</bndbox>
	</object>
	<object>
		<name>chair</name>
		<pose>Unspecified</pose>
		<truncated>0</truncated>
		<difficult>0</difficult>
		<bndbox>
			<xmin>295</xmin>
			<ymin>98</ymin>
			<xmax>426</xmax>
			<ymax>278</ymax>
		</bndbox>
	</object>
	<object>
		<name>window</name>
		<pose>Unspecified</pose>
		<truncated>1</truncated>
		<difficult>0</difficult>
		<bndbox>
			<xmin>141</xmin>
			<ymin>1</ymin>
			<xmax>248</xmax>
			<ymax>100</ymax>
		</bndbox>
	</object>
	<object>
		<name>window</name>
		<pose>Unspecified</pose>
		<truncated>1</truncated>
		<difficult>0</difficult>
		<bndbox>
			<xmin>31</xmin>
			<ymin>1</ymin>
			<xmax>103</xmax>
			<ymax>124</ymax>
		</bndbox>
	</object>
</annotation>
