<annotation verified="yes">
	<folder>object_detection</folder>
	<filename>1_VRdjNTk50EBxpfthfpg8Ss_iSM7_3Nu.jpg</filename>
	<path>/object_detection/1_VRdjNTk50EBxpfthfpg8Ss_iSM7_3Nu.jpg</path>
	<source>
		<database>Unknown</database>
	</source>
	<size>
		<width>640</width>
		<height>640</height>
		<depth>3</depth>
	</size>
	<segmented>0</segmented>
	<object>
		<name>building</name>
		<pose>Unspecified</pose>
		<truncated>1</truncated>
		<difficult>0</difficult>
		<bndbox>
			<xmin>42</xmin>
			<ymin>1</ymin>
			<xmax>489</xmax>
			<ymax>556</ymax>
		</bndbox>
	</object>
	<object>
		<name>building</name>
		<pose>Unspecified</pose>
		<truncated>1</truncated>
		<difficult>0</difficult>
		<bndbox>
			<xmin>492</xmin>
			<ymin>160</ymin>
			<xmax>640</xmax>
			<ymax>562</ymax>
		</bndbox>
	</object>
	<object>
		<name>street</name>
		<pose>Unspecified</pose>
		<truncated>1</truncated>
		<difficult>0</difficult>
		<bndbox>
			<xmin>3</xmin>
			<ymin>563</ymin>
			<xmax>640</xmax>
			<ymax>640</ymax>
		</bndbox>
	</object>
</annotation>
