<annotation verified="yes">
	<folder>object_detection</folder>
	<filename>1_w_Q-L_WWHM5K9hWGBipqjGllRdyN5ks.jpg</filename>
	<path>/object_detection/1_w_Q-L_WWHM5K9hWGBipqjGllRdyN5ks.jpg</path>
	<source>
		<database>Unknown</database>
	</source>
	<size>
		<width>499</width>
		<height>330</height>
		<depth>3</depth>
	</size>
	<segmented>0</segmented>
	<object>
		<name>animal</name>
		<pose>Unspecified</pose>
		<truncated>1</truncated>
		<difficult>0</difficult>
		<bndbox>
			<xmin>1</xmin>
			<ymin>66</ymin>
			<xmax>317</xmax>
			<ymax>330</ymax>
		</bndbox>
	</object>
	<object>
		<name>vegetation</name>
		<pose>Unspecified</pose>
		<truncated>1</truncated>
		<difficult>0</difficult>
		<bndbox>
			<xmin>1</xmin>
			<ymin>1</ymin>
			<xmax>498</xmax>
			<ymax>330</ymax>
		</bndbox>
	</object>
</annotation>
