<annotation verified="yes">
	<folder>object_detection</folder>
	<filename>1_YGDKME0-GVwY-emDRFebedt5XTI9wx2.jpg</filename>
	<path>/object_detection/1_YGDKME0-GVwY-emDRFebedt5XTI9wx2.jpg</path>
	<source>
		<database>Unknown</database>
	</source>
	<size>
		<width>371</width>
		<height>500</height>
		<depth>3</depth>
	</size>
	<segmented>0</segmented>
	<object>
		<name>building</name>
		<pose>Unspecified</pose>
		<truncated>0</truncated>
		<difficult>0</difficult>
		<bndbox>
			<xmin>17</xmin>
			<ymin>35</ymin>
			<xmax>370</xmax>
			<ymax>428</ymax>
		</bndbox>
	</object>
	<object>
		<name>door</name>
		<pose>Unspecified</pose>
		<truncated>0</truncated>
		<difficult>0</difficult>
		<bndbox>
			<xmin>171</xmin>
			<ymin>265</ymin>
			<xmax>230</xmax>
			<ymax>347</ymax>
		</bndbox>
	</object>
	<object>
		<name>window</name>
		<pose>Unspecified</pose>
		<truncated>0</truncated>
		<difficult>0</difficult>
		<bndbox>
			<xmin>54</xmin>
			<ymin>234</ymin>
			<xmax>146</xmax>
			<ymax>332</ymax>
		</bndbox>
	</object>
	<object>
		<name>window</name>
		<pose>Unspecified</pose>
		<truncated>0</truncated>
		<difficult>0</difficult>
		<bndbox>
			<xmin>57</xmin>
			<ymin>116</ymin>
			<xmax>94</xmax>
			<ymax>195</ymax>
		</bndbox>
	</object>
	<object>
		<name>window</name>
		<pose>Unspecified</pose>
		<truncated>0</truncated>
		<difficult>0</difficult>
		<bndbox>
			<xmin>110</xmin>
			<ymin>122</ymin>
			<xmax>147</xmax>
			<ymax>201</ymax>
		</bndbox>
	</object>
	<object>
		<name>window</name>
		<pose>Unspecified</pose>
		<truncated>0</truncated>
		<difficult>0</difficult>
		<bndbox>
			<xmin>184</xmin>
			<ymin>136</ymin>
			<xmax>221</xmax>
			<ymax>215</ymax>
		</bndbox>
	</object>
</annotation>
