<annotation verified="yes">
	<folder>object_detection</folder>
	<filename>1_yhnXAUvl13zSqgn2OSOuJgpK8bFbp0c.jpg</filename>
	<path>/object_detection/1_yhnXAUvl13zSqgn2OSOuJgpK8bFbp0c.jpg</path>
	<source>
		<database>Unknown</database>
	</source>
	<size>
		<width>500</width>
		<height>420</height>
		<depth>3</depth>
	</size>
	<segmented>0</segmented>
	<object>
		<name>light pole</name>
		<pose>Unspecified</pose>
		<truncated>0</truncated>
		<difficult>0</difficult>
		<bndbox>
			<xmin>418</xmin>
			<ymin>56</ymin>
			<xmax>489</xmax>
			<ymax>334</ymax>
		</bndbox>
	</object>
	<object>
		<name>street</name>
		<pose>Unspecified</pose>
		<truncated>1</truncated>
		<difficult>0</difficult>
		<bndbox>
			<xmin>1</xmin>
			<ymin>309</ymin>
			<xmax>497</xmax>
			<ymax>420</ymax>
		</bndbox>
	</object>
	<object>
		<name>sky</name>
		<pose>Unspecified</pose>
		<truncated>1</truncated>
		<difficult>0</difficult>
		<bndbox>
			<xmin>26</xmin>
			<ymin>1</ymin>
			<xmax>500</xmax>
			<ymax>254</ymax>
		</bndbox>
	</object>
	<object>
		<name>light pole</name>
		<pose>Unspecified</pose>
		<truncated>0</truncated>
		<difficult>0</difficult>
		<bndbox>
			<xmin>195</xmin>
			<ymin>212</ymin>
			<xmax>226</xmax>
			<ymax>315</ymax>
		</bndbox>
	</object>
</annotation>
