<annotation verified="yes">
	<folder>object_detection</folder>
	<filename>1_ZHQ3TiCyi-Zl0sxnBU9wlan-FvGqXO_.jpg</filename>
	<path>/object_detection/1_ZHQ3TiCyi-Zl0sxnBU9wlan-FvGqXO_.jpg</path>
	<source>
		<database>Unknown</database>
	</source>
	<size>
		<width>500</width>
		<height>375</height>
		<depth>3</depth>
	</size>
	<segmented>0</segmented>
	<object>
		<name>anvil</name>
		<pose>Unspecified</pose>
		<truncated>0</truncated>
		<difficult>0</difficult>
		<bndbox>
			<xmin>359</xmin>
			<ymin>177</ymin>
			<xmax>406</xmax>
			<ymax>236</ymax>
		</bndbox>
	</object>
	<object>
		<name>anvil</name>
		<pose>Unspecified</pose>
		<truncated>0</truncated>
		<difficult>0</difficult>
		<bndbox>
			<xmin>440</xmin>
			<ymin>200</ymin>
			<xmax>480</xmax>
			<ymax>246</ymax>
		</bndbox>
	</object>
	<object>
		<name>oven</name>
		<pose>Unspecified</pose>
		<truncated>1</truncated>
		<difficult>0</difficult>
		<bndbox>
			<xmin>158</xmin>
			<ymin>1</ymin>
			<xmax>372</xmax>
			<ymax>273</ymax>
		</bndbox>
	</object>
	<object>
		<name>vegetation</name>
		<pose>Unspecified</pose>
		<truncated>1</truncated>
		<difficult>0</difficult>
		<bndbox>
			<xmin>1</xmin>
			<ymin>78</ymin>
			<xmax>207</xmax>
			<ymax>167</ymax>
		</bndbox>
	</object>
	<object>
		<name>vegetation</name>
		<pose>Unspecified</pose>
		<truncated>1</truncated>
		<difficult>0</difficult>
		<bndbox>
			<xmin>314</xmin>
			<ymin>66</ymin>
			<xmax>500</xmax>
			<ymax>170</ymax>
		</bndbox>
	</object>
</annotation>
